a,b,auc,confusion_rate,centroid_dist,same_base,adjacent_version,near_relative,structurally_related,same_family,same_org,same_arch,same_tokenizer,relation_inferred
tiiuae/Falcon3-10B-Instruct,tiiuae/Falcon3-7B-Instruct,0.9387975778546713,0.14705882352941177,48.75973630137865,False,True,True,True,True,True,True,True,False
meta-llama/Llama-3.2-1B-Instruct,meta-llama/Llama-3.2-3B-Instruct,0.9688581314878892,0.0661764705882353,51.72287923863795,False,True,True,True,True,True,True,True,False
HuggingFaceH4/zephyr-7b-beta,nvidia/Llama3-ChatQA-1.5-8B,0.9705882352941176,0.058823529411764705,50.1987411120969,False,False,False,False,False,False,False,False,False
Qwen/Qwen2-1.5B-Instruct,Qwen/Qwen2.5-0.5B-Instruct,0.9842128027681661,0.058823529411764705,52.001942197579886,False,True,True,True,True,True,True,True,False
microsoft/Phi-3-medium-128k-instruct,microsoft/Phi-3-medium-4k-instruct,0.9852941176470589,0.044117647058823525,47.379296426628045,False,True,True,True,True,True,True,True,False
microsoft/Phi-3-mini-128k-instruct,microsoft/Phi-3-mini-4k-instruct,0.9874567474048442,0.03676470588235294,41.59250350079295,False,True,True,True,True,True,True,True,False
HuggingFaceH4/zephyr-7b-beta,openchat/openchat-3.6-8b-20240522,0.9894031141868512,0.04411764705882353,52.73839183207297,False,False,False,False,False,False,False,False,False
openchat/openchat-3.6-8b-20240522,openchat/openchat_3.5,0.9913494809688581,0.03676470588235294,46.50449724809672,False,False,False,False,False,True,False,False,False
Deci/DeciLM-7B-instruct,openchat/openchat-3.6-8b-20240522,0.9924307958477508,0.029411764705882353,54.656943394375084,False,False,False,False,False,False,False,False,False
nvidia/Llama3-ChatQA-1.5-8B,openchat/openchat-3.6-8b-20240522,0.9930795847750865,0.029411764705882353,63.746582011808314,True,False,True,True,True,False,True,True,False
mistralai/Mistral-7B-Instruct-v0.2,mistralai/Mistral-7B-Instruct-v0.3,0.9950259515570934,0.022058823529411763,51.584360139517855,False,True,True,True,True,True,True,True,False
ibm-granite/granite-3.0-8b-instruct,openchat/openchat-3.6-8b-20240522,0.995674740484429,0.022058823529411766,66.0649516677489,False,False,False,False,False,False,False,False,False
HuggingFaceH4/zephyr-7b-beta,Qwen/Qwen2.5-0.5B-Instruct,0.9961072664359861,0.007352941176470588,57.52381194288188,False,False,False,False,False,False,False,False,False
Qwen/Qwen2-1.5B-Instruct,Qwen/Qwen2-7B-Instruct,0.9963235294117647,0.03676470588235294,52.90910801386328,False,True,True,True,True,True,True,True,False
Qwen/Qwen2-7B-Instruct,Qwen/Qwen2.5-0.5B-Instruct,0.9963235294117647,0.04411764705882353,52.68868971161702,False,True,True,True,True,True,True,True,False
HuggingFaceH4/zephyr-7b-beta,microsoft/Phi-3-mini-128k-instruct,0.9965397923875432,0.014705882352941176,50.96575247688003,False,False,False,False,False,False,False,False,False
Deci/DeciLM-7B-instruct,nvidia/Llama3-ChatQA-1.5-8B,0.9969723183391004,0.03676470588235294,55.436408808815585,False,False,False,False,False,False,False,False,False
ibm-granite/granite-3.0-8b-instruct,ibm-granite/granite-3.1-8b-instruct,0.9974048442906575,0.029411764705882353,59.12753924174726,False,True,True,True,True,True,True,True,False
google/gemma-1.1-2b-it,google/gemma-1.1-7b-it,0.9976211072664359,0.022058823529411766,51.28567770757149,False,True,True,True,True,True,True,True,False
meta-llama/Llama-3.2-1B-Instruct,meta-llama/Meta-Llama-3.1-8B-Instruct,0.9978373702422145,0.029411764705882353,52.94884760524924,False,True,True,True,True,True,True,True,False
meta-llama/Llama-3.2-3B-Instruct,meta-llama/Meta-Llama-3.1-8B-Instruct,0.9978373702422145,0.04411764705882353,64.79710608152723,False,True,True,True,True,True,True,True,False
microsoft/Phi-3-medium-128k-instruct,microsoft/Phi-3-mini-4k-instruct,0.9978373702422145,0.03676470588235294,55.54411062035975,False,True,True,True,True,True,True,True,False
Deci/DeciLM-7B-instruct,ibm-granite/granite-3.0-8b-instruct,0.9984861591695502,0.029411764705882353,63.65038611461648,False,False,False,False,False,False,False,False,False
Qwen/Qwen2-7B-Instruct,tiiuae/Falcon3-10B-Instruct,0.9984861591695502,0.03676470588235294,53.13501560638322,False,False,False,False,False,False,False,False,False
meta-llama/Llama-3.2-3B-Instruct,meta-llama/Meta-Llama-3-8B-Instruct,0.9984861591695502,0.022058823529411763,68.4267024119155,False,True,True,True,True,True,True,True,False
microsoft/Phi-3-medium-128k-instruct,microsoft/Phi-3-mini-128k-instruct,0.9984861591695502,0.022058823529411763,51.15025672733514,False,True,True,True,True,True,True,True,False
Deci/DeciLM-7B-instruct,Qwen/Qwen2-1.5B-Instruct,0.9987024221453287,0.022058823529411766,53.86066829026237,False,False,False,False,False,False,False,False,False
Deci/DeciLM-7B-instruct,openchat/openchat_3.5,0.9987024221453287,0.022058823529411763,54.41670635386195,False,False,False,False,False,False,False,False,False
Qwen/Qwen2-1.5B-Instruct,tiiuae/Falcon3-10B-Instruct,0.9987024221453287,0.014705882352941176,56.50176190458198,False,False,False,False,False,False,False,False,False
google/gemma-2b-it,google/gemma-7b-it,0.9987024221453287,0.03676470588235294,52.629279268261534,False,True,True,True,True,True,True,True,False
Qwen/Qwen2-7B-Instruct,upstage/SOLAR-10.7B-Instruct-v1.0,0.9989186851211073,0.007352941176470588,56.028829317346435,False,False,False,False,False,False,False,False,False
meta-llama/Meta-Llama-3-8B-Instruct,meta-llama/Meta-Llama-3.1-8B-Instruct,0.9989186851211073,0.014705882352941176,54.37094841133065,False,True,True,True,True,True,True,True,False
Qwen/Qwen2-1.5B-Instruct,ibm-granite/granite-3.0-8b-instruct,0.9991349480968859,0.03676470588235294,62.862553882457185,False,False,False,False,False,False,False,False,False
Qwen/Qwen2-7B-Instruct,microsoft/Phi-3-mini-128k-instruct,0.9991349480968859,0.014705882352941176,56.03528666096035,False,False,False,False,False,False,False,False,False
Qwen/Qwen2-7B-Instruct,mistralai/Mistral-7B-Instruct-v0.1,0.9991349480968859,0.014705882352941176,57.60756640917914,False,False,False,False,False,False,False,False,False
Qwen/Qwen2.5-0.5B-Instruct,openchat/openchat-3.6-8b-20240522,0.9991349480968859,0.029411764705882353,57.110854976866655,False,False,False,False,False,False,False,False,False
microsoft/Phi-3-medium-4k-instruct,microsoft/Phi-3-mini-4k-instruct,0.9991349480968859,0.007352941176470588,61.76640305195228,False,True,True,True,True,True,True,True,False
CohereForAI/aya-23-8B,ibm-granite/granite-3.1-8b-instruct,0.9993512110726643,0.029411764705882353,54.67575334572355,False,False,False,False,False,False,False,False,False
CohereForAI/aya-23-8B,nvidia/Llama3-ChatQA-1.5-8B,0.9993512110726643,0.007352941176470588,60.15959756367977,False,False,False,False,False,False,False,False,False
HuggingFaceH4/zephyr-7b-beta,ibm-granite/granite-3.1-8b-instruct,0.9993512110726643,0.007352941176470588,53.92900077057472,False,False,False,False,False,False,False,False,False
Qwen/Qwen2-7B-Instruct,Qwen/Qwen2.5-3B-Instruct,0.9993512110726643,0.022058823529411763,54.77380670834376,False,True,True,True,True,True,True,True,False
Qwen/Qwen2-7B-Instruct,ibm-granite/granite-3.0-8b-instruct,0.9993512110726643,0.022058823529411766,63.51374078352756,False,False,False,False,False,False,False,False,False
Qwen/Qwen2-7B-Instruct,ibm-granite/granite-3.1-8b-instruct,0.9993512110726643,0.029411764705882353,54.86289525588402,False,False,False,False,False,False,False,False,False
Qwen/Qwen2-7B-Instruct,mistralai/Mistral-7B-Instruct-v0.3,0.9993512110726643,0.007352941176470588,60.594622083968225,False,False,False,False,False,False,False,False,False
Qwen/Qwen2-7B-Instruct,tiiuae/Falcon3-7B-Instruct,0.9993512110726643,0.014705882352941176,65.69089547896952,False,False,False,False,False,False,False,False,False
google/gemma-1.1-7b-it,google/gemma-7b-it,0.9993512110726643,0.014705882352941176,56.398023260851964,False,True,True,True,True,True,True,True,False
ibm-granite/granite-3.0-8b-instruct,meta-llama/Meta-Llama-3.1-8B-Instruct,0.9993512110726643,0.022058823529411763,66.54035393765565,False,False,False,False,False,False,False,False,False
meta-llama/Llama-2-7b-chat-hf,togethercomputer/Llama-2-7B-32K-Instruct,0.9993512110726643,0.022058823529411766,56.702491353737926,True,False,True,True,True,False,True,True,False
meta-llama/Llama-3.2-1B-Instruct,meta-llama/Meta-Llama-3-8B-Instruct,0.9993512110726643,0.014705882352941176,61.154740219439276,False,True,True,True,True,True,True,True,False
microsoft/Phi-3-medium-4k-instruct,microsoft/Phi-3.5-mini-instruct,0.9993512110726643,0.014705882352941176,61.40109918229312,False,True,True,True,True,True,True,True,False
CohereForAI/aya-23-8B,Deci/DeciLM-7B-instruct,0.9995674740484429,0.007352941176470588,55.2146284276233,False,False,False,False,False,False,False,False,False
Deci/DeciLM-7B-instruct,mistralai/Mistral-7B-Instruct-v0.1,0.9995674740484429,0.014705882352941176,57.4312786806157,False,False,False,False,False,False,False,False,False
Qwen/Qwen2-7B-Instruct,internlm/internlm2_5-7b-chat,0.9995674740484429,0.022058823529411766,61.79738185212984,False,False,False,False,False,False,False,False,False
Qwen/Qwen2-7B-Instruct,nvidia/Llama3-ChatQA-1.5-8B,0.9995674740484429,0.007352941176470588,60.56589499750611,False,False,False,False,False,False,False,False,False
ibm-granite/granite-3.0-8b-instruct,mistralai/Mistral-7B-Instruct-v0.1,0.9995674740484429,0.03676470588235294,54.13838776021501,False,False,False,False,False,False,False,False,False
ibm-granite/granite-3.1-8b-instruct,microsoft/Phi-3-mini-128k-instruct,0.9995674740484429,0.014705882352941176,54.45919953325049,False,False,False,False,False,False,False,False,False
meta-llama/Meta-Llama-3.1-8B-Instruct,nvidia/Llama3-ChatQA-1.5-8B,0.9995674740484429,0.007352941176470588,65.43980961522,False,True,True,True,True,False,True,True,False
mistralai/Mistral-7B-Instruct-v0.1,utter-project/EuroLLM-1.7B-Instruct,0.9995674740484429,0.007352941176470588,58.38358056983154,False,False,False,False,False,False,False,False,False
openchat/openchat_3.5,upstage/SOLAR-10.7B-Instruct-v1.0,0.9995674740484429,0.007352941176470588,58.688443877810634,True,False,True,True,True,False,False,True,True
Deci/DeciLM-7B-instruct,Qwen/Qwen2.5-0.5B-Instruct,0.9997837370242214,0.007352941176470588,56.145136038143335,False,False,False,False,False,False,False,False,False
Deci/DeciLM-7B-instruct,meta-llama/Llama-2-7b-chat-hf,0.9997837370242214,0.007352941176470588,51.09432400994978,False,False,False,False,False,False,False,True,False
Deci/DeciLM-7B-instruct,tiiuae/Falcon3-10B-Instruct,0.9997837370242214,0.007352941176470588,57.3237048180803,False,False,False,False,False,False,False,False,False
HuggingFaceH4/zephyr-7b-beta,Qwen/Qwen2.5-3B-Instruct,0.9997837370242214,0.04411764705882353,56.51876275807448,False,False,False,False,False,False,False,False,False
HuggingFaceH4/zephyr-7b-beta,meta-llama/Meta-Llama-3.1-8B-Instruct,0.9997837370242214,0.007352941176470588,61.546662694969974,False,False,False,False,False,False,False,False,False
Qwen/Qwen2.5-0.5B-Instruct,ibm-granite/granite-3.0-8b-instruct,0.9997837370242214,0.022058823529411766,65.68914778660573,False,False,False,False,False,False,False,False,False
Qwen/Qwen2.5-0.5B-Instruct,meta-llama/Llama-3.2-3B-Instruct,0.9997837370242214,0.007352941176470588,56.370952818070705,False,False,False,False,False,False,False,False,False
Qwen/Qwen2.5-0.5B-Instruct,meta-llama/Meta-Llama-3-8B-Instruct,0.9997837370242214,0.014705882352941176,57.43141567869211,False,False,False,False,False,False,False,False,False
google/gemma-2-9b-it,meta-llama/Llama-3.2-3B-Instruct,0.9997837370242214,0.007352941176470588,65.69987583639457,False,False,False,False,False,False,False,False,False
ibm-granite/granite-3.0-8b-instruct,meta-llama/Meta-Llama-3-8B-Instruct,0.9997837370242214,0.014705882352941176,67.47096753698271,False,False,False,False,False,False,False,False,False
ibm-granite/granite-3.0-8b-instruct,tiiuae/Falcon3-10B-Instruct,0.9997837370242214,0.029411764705882353,53.62591984732401,False,False,False,False,False,False,False,False,False
ibm-granite/granite-3.1-8b-instruct,meta-llama/Meta-Llama-3.1-8B-Instruct,0.9997837370242214,0.007352941176470588,60.87617929299931,False,False,False,False,False,False,False,False,False
ibm-granite/granite-3.1-8b-instruct,mistralai/Mistral-7B-Instruct-v0.3,0.9997837370242214,0.007352941176470588,53.02511869627221,False,False,False,False,False,False,False,False,False
meta-llama/Meta-Llama-3-8B-Instruct,mistralai/Mistral-7B-Instruct-v0.2,0.9997837370242214,0.014705882352941176,61.3809134401774,False,False,False,False,False,False,False,False,False
meta-llama/Meta-Llama-3-8B-Instruct,togethercomputer/Llama-2-7B-32K-Instruct,0.9997837370242214,0.022058823529411766,65.77488278628566,False,False,False,False,False,False,True,False,False
meta-llama/Meta-Llama-3.1-8B-Instruct,tiiuae/Falcon3-10B-Instruct,0.9997837370242214,0.007352941176470588,62.7494365542932,False,False,False,False,False,False,False,False,False
microsoft/Phi-3-medium-4k-instruct,tiiuae/Falcon3-10B-Instruct,0.9997837370242214,0.007352941176470588,59.45407728419201,False,False,False,False,False,False,False,False,False
microsoft/Phi-3-mini-128k-instruct,microsoft/Phi-3.5-mini-instruct,0.9997837370242214,0.014705882352941176,59.96665443691126,False,True,True,True,True,True,True,True,False
mistralai/Mistral-7B-Instruct-v0.1,mistralai/Mistral-7B-Instruct-v0.3,0.9997837370242214,0.007352941176470588,49.11974068945646,False,True,True,True,True,True,True,True,False
mistralai/Mistral-7B-Instruct-v0.1,nvidia/Llama3-ChatQA-1.5-8B,0.9997837370242214,0.014705882352941176,58.93529453595814,False,False,False,False,False,False,False,False,False
mistralai/Mistral-7B-Instruct-v0.1,tiiuae/Falcon3-10B-Instruct,0.9997837370242214,0.014705882352941176,55.64149422016711,False,False,False,False,False,False,False,False,False
mistralai/Mistral-7B-Instruct-v0.1,togethercomputer/Llama-2-7B-32K-Instruct,0.9997837370242214,0.007352941176470588,56.685341815358356,False,False,False,False,False,False,False,False,False
nvidia/Llama3-ChatQA-1.5-8B,openchat/openchat_3.5,0.9997837370242214,0.014705882352941176,62.30276614924747,False,False,False,False,False,False,False,False,False
openchat/openchat-3.6-8b-20240522,upstage/SOLAR-10.7B-Instruct-v1.0,0.9997837370242214,0.007352941176470588,53.9791895680765,False,False,False,False,False,False,True,False,False
CohereForAI/aya-23-8B,HuggingFaceH4/zephyr-7b-beta,1.0,0.0,58.025143236569264,False,False,False,False,False,False,False,False,False
CohereForAI/aya-23-8B,Qwen/Qwen2-1.5B-Instruct,1.0,0.007352941176470588,62.28790722076369,False,False,False,False,False,False,False,False,False
CohereForAI/aya-23-8B,Qwen/Qwen2-7B-Instruct,1.0,0.0,61.84255216684397,False,False,False,False,False,False,False,False,False
CohereForAI/aya-23-8B,Qwen/Qwen2.5-0.5B-Instruct,1.0,0.007352941176470588,58.23317502581105,False,False,False,False,False,False,False,False,False
CohereForAI/aya-23-8B,Qwen/Qwen2.5-3B-Instruct,1.0,0.0,56.09572364040431,False,False,False,False,False,False,False,False,False
CohereForAI/aya-23-8B,google/gemma-1.1-2b-it,1.0,0.0,56.079994152623655,False,False,False,False,False,False,False,False,False
CohereForAI/aya-23-8B,google/gemma-1.1-7b-it,1.0,0.0,57.84397194369534,False,False,False,False,False,False,False,False,False
CohereForAI/aya-23-8B,google/gemma-2-9b-it,1.0,0.0,60.02410142150794,False,False,False,False,False,False,False,False,False
CohereForAI/aya-23-8B,google/gemma-2b-it,1.0,0.0,60.589744153281835,False,False,False,False,False,False,False,False,False
CohereForAI/aya-23-8B,google/gemma-7b-it,1.0,0.0,60.09159606885236,False,False,False,False,False,False,False,False,False
CohereForAI/aya-23-8B,gradientai/Llama-3-8B-Instruct-Gradient-1048k,1.0,0.0,63.5668808563446,False,False,False,False,False,False,False,False,False
CohereForAI/aya-23-8B,ibm-granite/granite-3.0-8b-instruct,1.0,0.051470588235294115,59.55726668278823,False,False,False,False,False,False,False,False,False
CohereForAI/aya-23-8B,internlm/internlm2_5-7b-chat,1.0,0.0,59.30376846596789,False,False,False,False,False,False,False,False,False
CohereForAI/aya-23-8B,meta-llama/Llama-2-7b-chat-hf,1.0,0.0,58.899781604018415,False,False,False,False,False,False,False,False,False
CohereForAI/aya-23-8B,meta-llama/Llama-3.2-1B-Instruct,1.0,0.0,60.28375917021103,False,False,False,False,False,False,False,False,False
CohereForAI/aya-23-8B,meta-llama/Llama-3.2-3B-Instruct,1.0,0.0,60.95009785843062,False,False,False,False,False,False,False,False,False
CohereForAI/aya-23-8B,meta-llama/Meta-Llama-3-8B-Instruct,1.0,0.007352941176470588,57.25892317197701,False,False,False,False,False,False,False,False,False
CohereForAI/aya-23-8B,meta-llama/Meta-Llama-3.1-8B-Instruct,1.0,0.007352941176470588,64.94283069683691,False,False,False,False,False,False,False,False,False
CohereForAI/aya-23-8B,microsoft/Phi-3-medium-128k-instruct,1.0,0.0,57.11448420448832,False,False,False,False,False,False,False,False,False
CohereForAI/aya-23-8B,microsoft/Phi-3-medium-4k-instruct,1.0,0.0,60.928800946870446,False,False,False,False,False,False,False,False,False
CohereForAI/aya-23-8B,microsoft/Phi-3-mini-128k-instruct,1.0,0.007352941176470588,53.89294505107493,False,False,False,False,False,False,False,False,False
CohereForAI/aya-23-8B,microsoft/Phi-3-mini-4k-instruct,1.0,0.007352941176470588,53.30001420269536,False,False,False,False,False,False,False,False,False
CohereForAI/aya-23-8B,microsoft/Phi-3.5-mini-instruct,1.0,0.0,65.09085587240935,False,False,False,False,False,False,False,False,False
CohereForAI/aya-23-8B,mistralai/Mistral-7B-Instruct-v0.1,1.0,0.0,58.50344441990888,False,False,False,False,False,False,False,False,False
CohereForAI/aya-23-8B,mistralai/Mistral-7B-Instruct-v0.2,1.0,0.0,62.05117514436888,False,False,False,False,False,False,False,False,False
CohereForAI/aya-23-8B,mistralai/Mistral-7B-Instruct-v0.3,1.0,0.0,56.768166691211285,False,False,False,False,False,False,False,False,False
CohereForAI/aya-23-8B,openchat/openchat-3.6-8b-20240522,1.0,0.0,61.2315986526148,False,False,False,False,False,False,False,False,False
CohereForAI/aya-23-8B,openchat/openchat_3.5,1.0,0.0,56.82035951343582,False,False,False,False,False,False,False,False,False
CohereForAI/aya-23-8B,tiiuae/Falcon3-10B-Instruct,1.0,0.0,59.847732872239796,False,False,False,False,False,False,False,False,False
CohereForAI/aya-23-8B,tiiuae/Falcon3-7B-Instruct,1.0,0.0,57.139355564504605,False,False,False,False,False,False,False,False,False
CohereForAI/aya-23-8B,togethercomputer/Llama-2-7B-32K-Instruct,1.0,0.0,62.27341537016367,False,False,False,False,False,False,False,False,False
CohereForAI/aya-23-8B,upstage/SOLAR-10.7B-Instruct-v1.0,1.0,0.0,63.05336240930508,False,False,False,False,False,False,False,False,False
CohereForAI/aya-23-8B,utter-project/EuroLLM-1.7B-Instruct,1.0,0.0,61.387718278559554,False,False,False,False,False,False,False,False,False
Deci/DeciLM-7B-instruct,HuggingFaceH4/zephyr-7b-beta,1.0,0.0,56.5063974521263,False,False,False,False,False,False,False,False,False
Deci/DeciLM-7B-instruct,Qwen/Qwen2-7B-Instruct,1.0,0.0,57.14932220247603,False,False,False,False,False,False,False,False,False
Deci/DeciLM-7B-instruct,Qwen/Qwen2.5-3B-Instruct,1.0,0.0,58.8737517019928,False,False,False,False,False,False,False,False,False
Deci/DeciLM-7B-instruct,google/gemma-1.1-2b-it,1.0,0.0,60.627087558694434,False,False,False,False,False,False,False,False,False
Deci/DeciLM-7B-instruct,google/gemma-1.1-7b-it,1.0,0.0,62.190070965230426,False,False,False,False,False,False,False,False,False
Deci/DeciLM-7B-instruct,google/gemma-2-9b-it,1.0,0.0,62.183282883561084,False,False,False,False,False,False,False,False,False
Deci/DeciLM-7B-instruct,google/gemma-2b-it,1.0,0.0,61.435021576878945,False,False,False,False,False,False,False,False,False
Deci/DeciLM-7B-instruct,google/gemma-7b-it,1.0,0.0,66.15820107910318,False,False,False,False,False,False,False,False,False
Deci/DeciLM-7B-instruct,gradientai/Llama-3-8B-Instruct-Gradient-1048k,1.0,0.0,63.417852785247234,False,False,False,False,False,False,False,False,False
Deci/DeciLM-7B-instruct,ibm-granite/granite-3.1-8b-instruct,1.0,0.007352941176470588,58.864859103246374,False,False,False,False,False,False,False,False,False
Deci/DeciLM-7B-instruct,internlm/internlm2_5-7b-chat,1.0,0.0,60.96433223932343,False,False,False,False,False,False,False,False,False
Deci/DeciLM-7B-instruct,meta-llama/Llama-3.2-1B-Instruct,1.0,0.0,63.62983414203793,False,False,False,False,False,False,False,False,False
Deci/DeciLM-7B-instruct,meta-llama/Llama-3.2-3B-Instruct,1.0,0.0,61.45658206539108,False,False,False,False,False,False,False,False,False
Deci/DeciLM-7B-instruct,meta-llama/Meta-Llama-3-8B-Instruct,1.0,0.0,62.833902154908806,False,False,False,False,False,False,False,False,False
Deci/DeciLM-7B-instruct,meta-llama/Meta-Llama-3.1-8B-Instruct,1.0,0.007352941176470588,62.917983145506845,False,False,False,False,False,False,False,False,False
Deci/DeciLM-7B-instruct,microsoft/Phi-3-medium-128k-instruct,1.0,0.0,63.73789675785568,False,False,False,False,False,False,False,True,False
Deci/DeciLM-7B-instruct,microsoft/Phi-3-medium-4k-instruct,1.0,0.0,71.05005842109705,False,False,False,False,False,False,False,True,False
Deci/DeciLM-7B-instruct,microsoft/Phi-3-mini-128k-instruct,1.0,0.0,53.54584015859261,False,False,False,False,False,False,False,True,False
Deci/DeciLM-7B-instruct,microsoft/Phi-3-mini-4k-instruct,1.0,0.0,52.051758428463025,False,False,False,False,False,False,False,True,False
Deci/DeciLM-7B-instruct,microsoft/Phi-3.5-mini-instruct,1.0,0.0,62.27766993032177,False,False,False,False,False,False,False,True,False
Deci/DeciLM-7B-instruct,mistralai/Mistral-7B-Instruct-v0.2,1.0,0.0,59.21634724272896,False,False,False,False,False,False,False,False,False
Deci/DeciLM-7B-instruct,mistralai/Mistral-7B-Instruct-v0.3,1.0,0.0,60.173121114649746,False,False,False,False,False,False,False,False,False
Deci/DeciLM-7B-instruct,tiiuae/Falcon3-7B-Instruct,1.0,0.0,61.36288853581377,False,False,False,False,False,False,False,False,False
Deci/DeciLM-7B-instruct,togethercomputer/Llama-2-7B-32K-Instruct,1.0,0.0,66.0495608724009,False,False,False,False,False,False,False,True,False
Deci/DeciLM-7B-instruct,upstage/SOLAR-10.7B-Instruct-v1.0,1.0,0.0,56.32541484668445,False,False,False,False,False,False,False,False,False
Deci/DeciLM-7B-instruct,utter-project/EuroLLM-1.7B-Instruct,1.0,0.007352941176470588,56.98097744193305,False,False,False,False,False,False,False,False,False
HuggingFaceH4/zephyr-7b-beta,Qwen/Qwen2-1.5B-Instruct,1.0,0.0,54.23123139873671,False,False,False,False,False,False,False,False,False
HuggingFaceH4/zephyr-7b-beta,Qwen/Qwen2-7B-Instruct,1.0,0.0,55.02675114358189,False,False,False,False,False,False,False,False,False
HuggingFaceH4/zephyr-7b-beta,google/gemma-1.1-2b-it,1.0,0.0,56.88253440964532,False,False,False,False,False,False,False,False,False
HuggingFaceH4/zephyr-7b-beta,google/gemma-1.1-7b-it,1.0,0.0,58.22660691042735,False,False,False,False,False,False,False,False,False
HuggingFaceH4/zephyr-7b-beta,google/gemma-2-9b-it,1.0,0.007352941176470588,63.06861326791516,False,False,False,False,False,False,False,False,False
HuggingFaceH4/zephyr-7b-beta,google/gemma-2b-it,1.0,0.0,58.074321096048365,False,False,False,False,False,False,False,False,False
HuggingFaceH4/zephyr-7b-beta,google/gemma-7b-it,1.0,0.0,58.976324973565525,False,False,False,False,False,False,False,False,False
HuggingFaceH4/zephyr-7b-beta,gradientai/Llama-3-8B-Instruct-Gradient-1048k,1.0,0.0,50.4611535575668,False,False,False,False,False,False,False,False,False
HuggingFaceH4/zephyr-7b-beta,ibm-granite/granite-3.0-8b-instruct,1.0,0.022058823529411766,56.606999200352284,False,False,False,False,False,False,False,False,False
HuggingFaceH4/zephyr-7b-beta,internlm/internlm2_5-7b-chat,1.0,0.0,53.36318868436832,False,False,False,False,False,False,False,False,False
HuggingFaceH4/zephyr-7b-beta,meta-llama/Llama-2-7b-chat-hf,1.0,0.0,58.314804783054754,False,False,False,False,False,False,False,False,False
HuggingFaceH4/zephyr-7b-beta,meta-llama/Llama-3.2-1B-Instruct,1.0,0.014705882352941176,55.43070265484988,False,False,False,False,False,False,False,False,False
HuggingFaceH4/zephyr-7b-beta,meta-llama/Llama-3.2-3B-Instruct,1.0,0.0,53.972368779108066,False,False,False,False,False,False,False,False,False
HuggingFaceH4/zephyr-7b-beta,meta-llama/Meta-Llama-3-8B-Instruct,1.0,0.014705882352941176,61.56039615720781,False,False,False,False,False,False,False,False,False
HuggingFaceH4/zephyr-7b-beta,microsoft/Phi-3-medium-128k-instruct,1.0,0.0,63.055761394423754,False,False,False,False,False,False,False,False,False
HuggingFaceH4/zephyr-7b-beta,microsoft/Phi-3-medium-4k-instruct,1.0,0.0,64.03496924098636,False,False,False,False,False,False,False,False,False
HuggingFaceH4/zephyr-7b-beta,microsoft/Phi-3-mini-4k-instruct,1.0,0.0,53.55148187830212,False,False,False,False,False,False,False,False,False
HuggingFaceH4/zephyr-7b-beta,microsoft/Phi-3.5-mini-instruct,1.0,0.0,59.53642837784109,False,False,False,False,False,False,False,False,False
HuggingFaceH4/zephyr-7b-beta,mistralai/Mistral-7B-Instruct-v0.1,1.0,0.007352941176470588,54.10663370964977,True,False,True,True,True,False,True,True,False
HuggingFaceH4/zephyr-7b-beta,mistralai/Mistral-7B-Instruct-v0.2,1.0,0.0,56.32194833701915,False,True,True,True,True,False,True,True,False
HuggingFaceH4/zephyr-7b-beta,mistralai/Mistral-7B-Instruct-v0.3,1.0,0.0,56.98888670233355,False,True,True,True,True,False,True,True,False
HuggingFaceH4/zephyr-7b-beta,openchat/openchat_3.5,1.0,0.0,55.11439146820319,True,False,True,True,True,False,True,True,False
HuggingFaceH4/zephyr-7b-beta,tiiuae/Falcon3-10B-Instruct,1.0,0.0,56.558736248080116,False,False,False,False,False,False,False,False,False
HuggingFaceH4/zephyr-7b-beta,tiiuae/Falcon3-7B-Instruct,1.0,0.0,63.50859177609188,False,False,False,False,False,False,False,False,False
HuggingFaceH4/zephyr-7b-beta,togethercomputer/Llama-2-7B-32K-Instruct,1.0,0.0,55.035570481565706,False,False,False,False,False,False,False,False,False
HuggingFaceH4/zephyr-7b-beta,upstage/SOLAR-10.7B-Instruct-v1.0,1.0,0.0,60.02755335489844,True,False,True,True,True,False,False,True,True
HuggingFaceH4/zephyr-7b-beta,utter-project/EuroLLM-1.7B-Instruct,1.0,0.022058823529411766,57.52784974570257,False,False,False,False,False,False,False,False,False
Qwen/Qwen2-1.5B-Instruct,Qwen/Qwen2.5-3B-Instruct,1.0,0.0,55.44026177113281,False,True,True,True,True,True,True,True,False
Qwen/Qwen2-1.5B-Instruct,google/gemma-1.1-2b-it,1.0,0.0,62.48814001454625,False,False,False,False,False,False,False,False,False
Qwen/Qwen2-1.5B-Instruct,google/gemma-1.1-7b-it,1.0,0.0,61.14101066396709,False,False,False,False,False,False,False,False,False
Qwen/Qwen2-1.5B-Instruct,google/gemma-2-9b-it,1.0,0.0,63.87037623449582,False,False,False,False,False,False,False,False,False
Qwen/Qwen2-1.5B-Instruct,google/gemma-2b-it,1.0,0.0,64.82489038131585,False,False,False,False,False,False,False,False,False
Qwen/Qwen2-1.5B-Instruct,google/gemma-7b-it,1.0,0.0,62.73393214797089,False,False,False,False,False,False,False,False,False
Qwen/Qwen2-1.5B-Instruct,gradientai/Llama-3-8B-Instruct-Gradient-1048k,1.0,0.0,55.590107040424435,False,False,False,False,False,False,False,False,False
Qwen/Qwen2-1.5B-Instruct,ibm-granite/granite-3.1-8b-instruct,1.0,0.0,59.43834291267285,False,False,False,False,False,False,False,False,False
Qwen/Qwen2-1.5B-Instruct,internlm/internlm2_5-7b-chat,1.0,0.0,57.65987325946246,False,False,False,False,False,False,False,False,False
Qwen/Qwen2-1.5B-Instruct,meta-llama/Llama-2-7b-chat-hf,1.0,0.0,60.2838884048153,False,False,False,False,False,False,False,False,False
Qwen/Qwen2-1.5B-Instruct,meta-llama/Llama-3.2-1B-Instruct,1.0,0.0,59.594684261912306,False,False,False,False,False,False,False,False,False
Qwen/Qwen2-1.5B-Instruct,meta-llama/Llama-3.2-3B-Instruct,1.0,0.007352941176470588,60.378155380908,False,False,False,False,False,False,False,False,False
Qwen/Qwen2-1.5B-Instruct,meta-llama/Meta-Llama-3-8B-Instruct,1.0,0.014705882352941176,59.0094285198698,False,False,False,False,False,False,False,False,False
Qwen/Qwen2-1.5B-Instruct,meta-llama/Meta-Llama-3.1-8B-Instruct,1.0,0.007352941176470588,57.713750593161976,False,False,False,False,False,False,False,False,False
Qwen/Qwen2-1.5B-Instruct,microsoft/Phi-3-medium-128k-instruct,1.0,0.0,59.03950965067646,False,False,False,False,False,False,False,False,False
Qwen/Qwen2-1.5B-Instruct,microsoft/Phi-3-medium-4k-instruct,1.0,0.0,63.80654903272809,False,False,False,False,False,False,False,False,False
Qwen/Qwen2-1.5B-Instruct,microsoft/Phi-3-mini-128k-instruct,1.0,0.0,51.48384322359319,False,False,False,False,False,False,False,False,False
Qwen/Qwen2-1.5B-Instruct,microsoft/Phi-3-mini-4k-instruct,1.0,0.0,51.78115402801657,False,False,False,False,False,False,False,False,False
Qwen/Qwen2-1.5B-Instruct,microsoft/Phi-3.5-mini-instruct,1.0,0.0,59.73448894622986,False,False,False,False,False,False,False,False,False
Qwen/Qwen2-1.5B-Instruct,mistralai/Mistral-7B-Instruct-v0.1,1.0,0.0,55.88908770386067,False,False,False,False,False,False,False,False,False
Qwen/Qwen2-1.5B-Instruct,mistralai/Mistral-7B-Instruct-v0.2,1.0,0.0,57.983237072312136,False,False,False,False,False,False,False,False,False
Qwen/Qwen2-1.5B-Instruct,mistralai/Mistral-7B-Instruct-v0.3,1.0,0.0,58.383261960271646,False,False,False,False,False,False,False,False,False
Qwen/Qwen2-1.5B-Instruct,nvidia/Llama3-ChatQA-1.5-8B,1.0,0.0,55.86111089105437,False,False,False,False,False,False,False,False,False
Qwen/Qwen2-1.5B-Instruct,openchat/openchat-3.6-8b-20240522,1.0,0.007352941176470588,59.83016193060686,False,False,False,False,False,False,False,False,False
Qwen/Qwen2-1.5B-Instruct,openchat/openchat_3.5,1.0,0.0,59.05343160431821,False,False,False,False,False,False,False,False,False
Qwen/Qwen2-1.5B-Instruct,tiiuae/Falcon3-7B-Instruct,1.0,0.007352941176470588,62.905833975522256,False,False,False,False,False,False,False,False,False
Qwen/Qwen2-1.5B-Instruct,togethercomputer/Llama-2-7B-32K-Instruct,1.0,0.0,61.92522230700533,False,False,False,False,False,False,False,False,False
Qwen/Qwen2-1.5B-Instruct,upstage/SOLAR-10.7B-Instruct-v1.0,1.0,0.0,53.44744641696993,False,False,False,False,False,False,False,False,False
Qwen/Qwen2-1.5B-Instruct,utter-project/EuroLLM-1.7B-Instruct,1.0,0.0,60.886235451767995,False,False,False,False,False,False,False,False,False
Qwen/Qwen2-7B-Instruct,google/gemma-1.1-2b-it,1.0,0.0,60.27245495216638,False,False,False,False,False,False,False,False,False
Qwen/Qwen2-7B-Instruct,google/gemma-1.1-7b-it,1.0,0.0,61.84142438125952,False,False,False,False,False,False,False,False,False
Qwen/Qwen2-7B-Instruct,google/gemma-2-9b-it,1.0,0.0,67.43179484399113,False,False,False,False,False,False,False,False,False
Qwen/Qwen2-7B-Instruct,google/gemma-2b-it,1.0,0.0,63.0149689781196,False,False,False,False,False,False,False,False,False
Qwen/Qwen2-7B-Instruct,google/gemma-7b-it,1.0,0.0,60.57962655128486,False,False,False,False,False,False,False,False,False
Qwen/Qwen2-7B-Instruct,gradientai/Llama-3-8B-Instruct-Gradient-1048k,1.0,0.0,62.88627085946796,False,False,False,False,False,False,False,False,False
Qwen/Qwen2-7B-Instruct,meta-llama/Llama-2-7b-chat-hf,1.0,0.0,59.656043345094005,False,False,False,False,False,False,False,False,False
Qwen/Qwen2-7B-Instruct,meta-llama/Llama-3.2-1B-Instruct,1.0,0.0,61.223544387920384,False,False,False,False,False,False,False,False,False
Qwen/Qwen2-7B-Instruct,meta-llama/Llama-3.2-3B-Instruct,1.0,0.0,63.245822290264755,False,False,False,False,False,False,False,False,False
Qwen/Qwen2-7B-Instruct,meta-llama/Meta-Llama-3-8B-Instruct,1.0,0.007352941176470588,62.99410412328446,False,False,False,False,False,False,False,False,False
Qwen/Qwen2-7B-Instruct,meta-llama/Meta-Llama-3.1-8B-Instruct,1.0,0.007352941176470588,64.52523452536376,False,False,False,False,False,False,False,False,False
Qwen/Qwen2-7B-Instruct,microsoft/Phi-3-medium-128k-instruct,1.0,0.0,65.50382759235598,False,False,False,False,False,False,False,False,False
Qwen/Qwen2-7B-Instruct,microsoft/Phi-3-medium-4k-instruct,1.0,0.0,65.29664726484602,False,False,False,False,False,False,False,False,False
Qwen/Qwen2-7B-Instruct,microsoft/Phi-3-mini-4k-instruct,1.0,0.0,60.10736012683758,False,False,False,False,False,False,False,False,False
Qwen/Qwen2-7B-Instruct,microsoft/Phi-3.5-mini-instruct,1.0,0.0,61.321041408092306,False,False,False,False,False,False,False,False,False
Qwen/Qwen2-7B-Instruct,mistralai/Mistral-7B-Instruct-v0.2,1.0,0.0,57.98846361126299,False,False,False,False,False,False,False,False,False
Qwen/Qwen2-7B-Instruct,openchat/openchat-3.6-8b-20240522,1.0,0.0,55.46890518425515,False,False,False,False,False,False,False,False,False
Qwen/Qwen2-7B-Instruct,openchat/openchat_3.5,1.0,0.007352941176470588,60.25017609053723,False,False,False,False,False,False,False,False,False
Qwen/Qwen2-7B-Instruct,togethercomputer/Llama-2-7B-32K-Instruct,1.0,0.0,64.01984163159497,False,False,False,False,False,False,False,False,False
Qwen/Qwen2-7B-Instruct,utter-project/EuroLLM-1.7B-Instruct,1.0,0.0,58.8796483104824,False,False,False,False,False,False,False,False,False
Qwen/Qwen2.5-0.5B-Instruct,Qwen/Qwen2.5-3B-Instruct,1.0,0.04411764705882353,54.209554118312404,False,True,True,True,True,True,True,True,False
Qwen/Qwen2.5-0.5B-Instruct,google/gemma-1.1-2b-it,1.0,0.0,54.70346189896111,False,False,False,False,False,False,False,False,False
Qwen/Qwen2.5-0.5B-Instruct,google/gemma-1.1-7b-it,1.0,0.0,63.07205489424828,False,False,False,False,False,False,False,False,False
Qwen/Qwen2.5-0.5B-Instruct,google/gemma-2-9b-it,1.0,0.0,61.08978870025329,False,False,False,False,False,False,False,False,False
Qwen/Qwen2.5-0.5B-Instruct,google/gemma-2b-it,1.0,0.0,61.817087353850674,False,False,False,False,False,False,False,False,False
Qwen/Qwen2.5-0.5B-Instruct,google/gemma-7b-it,1.0,0.0,62.67529893476125,False,False,False,False,False,False,False,False,False
Qwen/Qwen2.5-0.5B-Instruct,gradientai/Llama-3-8B-Instruct-Gradient-1048k,1.0,0.0,60.948301618607154,False,False,False,False,False,False,False,False,False
Qwen/Qwen2.5-0.5B-Instruct,ibm-granite/granite-3.1-8b-instruct,1.0,0.0,57.464151706685975,False,False,False,False,False,False,False,False,False
Qwen/Qwen2.5-0.5B-Instruct,internlm/internlm2_5-7b-chat,1.0,0.007352941176470588,61.973231865903045,False,False,False,False,False,False,False,False,False
Qwen/Qwen2.5-0.5B-Instruct,meta-llama/Llama-2-7b-chat-hf,1.0,0.0,61.907751574284084,False,False,False,False,False,False,False,False,False
Qwen/Qwen2.5-0.5B-Instruct,meta-llama/Llama-3.2-1B-Instruct,1.0,0.014705882352941176,54.691314941470935,False,False,False,False,False,False,False,False,False
Qwen/Qwen2.5-0.5B-Instruct,meta-llama/Meta-Llama-3.1-8B-Instruct,1.0,0.007352941176470588,59.7225161261013,False,False,False,False,False,False,False,False,False
Qwen/Qwen2.5-0.5B-Instruct,microsoft/Phi-3-medium-128k-instruct,1.0,0.0,62.22320771158148,False,False,False,False,False,False,False,False,False
Qwen/Qwen2.5-0.5B-Instruct,microsoft/Phi-3-medium-4k-instruct,1.0,0.0,60.840186078244635,False,False,False,False,False,False,False,False,False
Qwen/Qwen2.5-0.5B-Instruct,microsoft/Phi-3-mini-128k-instruct,1.0,0.0,57.93986067742278,False,False,False,False,False,False,False,False,False
Qwen/Qwen2.5-0.5B-Instruct,microsoft/Phi-3-mini-4k-instruct,1.0,0.0,55.53701433338855,False,False,False,False,False,False,False,False,False
Qwen/Qwen2.5-0.5B-Instruct,microsoft/Phi-3.5-mini-instruct,1.0,0.0,58.27826023447487,False,False,False,False,False,False,False,False,False
Qwen/Qwen2.5-0.5B-Instruct,mistralai/Mistral-7B-Instruct-v0.1,1.0,0.0,58.28666506576465,False,False,False,False,False,False,False,False,False
Qwen/Qwen2.5-0.5B-Instruct,mistralai/Mistral-7B-Instruct-v0.2,1.0,0.0,58.076675922988635,False,False,False,False,False,False,False,False,False
Qwen/Qwen2.5-0.5B-Instruct,mistralai/Mistral-7B-Instruct-v0.3,1.0,0.0,56.11695111781755,False,False,False,False,False,False,False,False,False
Qwen/Qwen2.5-0.5B-Instruct,nvidia/Llama3-ChatQA-1.5-8B,1.0,0.007352941176470588,56.23172033144249,False,False,False,False,False,False,False,False,False
Qwen/Qwen2.5-0.5B-Instruct,openchat/openchat_3.5,1.0,0.0,58.555114077220345,False,False,False,False,False,False,False,False,False
Qwen/Qwen2.5-0.5B-Instruct,tiiuae/Falcon3-10B-Instruct,1.0,0.007352941176470588,54.624897866600605,False,False,False,False,False,False,False,False,False
Qwen/Qwen2.5-0.5B-Instruct,tiiuae/Falcon3-7B-Instruct,1.0,0.0,58.70555243754033,False,False,False,False,False,False,False,False,False
Qwen/Qwen2.5-0.5B-Instruct,togethercomputer/Llama-2-7B-32K-Instruct,1.0,0.0,60.28430509989192,False,False,False,False,False,False,False,False,False
Qwen/Qwen2.5-0.5B-Instruct,upstage/SOLAR-10.7B-Instruct-v1.0,1.0,0.0,58.03204230026491,False,False,False,False,False,False,False,False,False
Qwen/Qwen2.5-0.5B-Instruct,utter-project/EuroLLM-1.7B-Instruct,1.0,0.0,55.25102505697889,False,False,False,False,False,False,False,False,False
Qwen/Qwen2.5-3B-Instruct,google/gemma-1.1-2b-it,1.0,0.0,54.94583846882937,False,False,False,False,False,False,False,False,False
Qwen/Qwen2.5-3B-Instruct,google/gemma-1.1-7b-it,1.0,0.0,57.3248170750658,False,False,False,False,False,False,False,False,False
Qwen/Qwen2.5-3B-Instruct,google/gemma-2-9b-it,1.0,0.0,61.741849770221165,False,False,False,False,False,False,False,False,False
Qwen/Qwen2.5-3B-Instruct,google/gemma-2b-it,1.0,0.0,63.81093602585994,False,False,False,False,False,False,False,False,False
Qwen/Qwen2.5-3B-Instruct,google/gemma-7b-it,1.0,0.0,57.047604770544666,False,False,False,False,False,False,False,False,False
Qwen/Qwen2.5-3B-Instruct,gradientai/Llama-3-8B-Instruct-Gradient-1048k,1.0,0.0,58.83284507562382,False,False,False,False,False,False,False,False,False
Qwen/Qwen2.5-3B-Instruct,ibm-granite/granite-3.0-8b-instruct,1.0,0.029411764705882353,64.55232894217949,False,False,False,False,False,False,False,False,False
Qwen/Qwen2.5-3B-Instruct,ibm-granite/granite-3.1-8b-instruct,1.0,0.007352941176470588,54.38767261890382,False,False,False,False,False,False,False,False,False
Qwen/Qwen2.5-3B-Instruct,internlm/internlm2_5-7b-chat,1.0,0.0,53.162634318799576,False,False,False,False,False,False,False,False,False
Qwen/Qwen2.5-3B-Instruct,meta-llama/Llama-2-7b-chat-hf,1.0,0.0,58.22654997755684,False,False,False,False,False,False,False,False,False
Qwen/Qwen2.5-3B-Instruct,meta-llama/Llama-3.2-1B-Instruct,1.0,0.007352941176470588,56.647285859907655,False,False,False,False,False,False,False,False,False
Qwen/Qwen2.5-3B-Instruct,meta-llama/Llama-3.2-3B-Instruct,1.0,0.007352941176470588,58.39229453689843,False,False,False,False,False,False,False,False,False
Qwen/Qwen2.5-3B-Instruct,meta-llama/Meta-Llama-3-8B-Instruct,1.0,0.022058823529411766,60.11826904920419,False,False,False,False,False,False,False,False,False
Qwen/Qwen2.5-3B-Instruct,meta-llama/Meta-Llama-3.1-8B-Instruct,1.0,0.007352941176470588,62.5171404187019,False,False,False,False,False,False,False,False,False
Qwen/Qwen2.5-3B-Instruct,microsoft/Phi-3-medium-128k-instruct,1.0,0.0,62.413856831744226,False,False,False,False,False,False,False,False,False
Qwen/Qwen2.5-3B-Instruct,microsoft/Phi-3-medium-4k-instruct,1.0,0.0,61.22586587305475,False,False,False,False,False,False,False,False,False
Qwen/Qwen2.5-3B-Instruct,microsoft/Phi-3-mini-128k-instruct,1.0,0.0,55.36018024539113,False,False,False,False,False,False,False,False,False
Qwen/Qwen2.5-3B-Instruct,microsoft/Phi-3-mini-4k-instruct,1.0,0.0,56.173116586551764,False,False,False,False,False,False,False,False,False
Qwen/Qwen2.5-3B-Instruct,microsoft/Phi-3.5-mini-instruct,1.0,0.0,60.115669279883,False,False,False,False,False,False,False,False,False
Qwen/Qwen2.5-3B-Instruct,mistralai/Mistral-7B-Instruct-v0.1,1.0,0.0,56.38257792930996,False,False,False,False,False,False,False,False,False
Qwen/Qwen2.5-3B-Instruct,mistralai/Mistral-7B-Instruct-v0.2,1.0,0.0,58.56325797836149,False,False,False,False,False,False,False,False,False
Qwen/Qwen2.5-3B-Instruct,mistralai/Mistral-7B-Instruct-v0.3,1.0,0.0,57.53716639134927,False,False,False,False,False,False,False,False,False
Qwen/Qwen2.5-3B-Instruct,nvidia/Llama3-ChatQA-1.5-8B,1.0,0.0,57.89309272426901,False,False,False,False,False,False,False,False,False
Qwen/Qwen2.5-3B-Instruct,openchat/openchat-3.6-8b-20240522,1.0,0.007352941176470588,55.34357218830939,False,False,False,False,False,False,False,False,False
Qwen/Qwen2.5-3B-Instruct,openchat/openchat_3.5,1.0,0.0,60.470278390538866,False,False,False,False,False,False,False,False,False
Qwen/Qwen2.5-3B-Instruct,tiiuae/Falcon3-10B-Instruct,1.0,0.0,61.123875320388784,False,False,False,False,False,False,False,False,False
Qwen/Qwen2.5-3B-Instruct,tiiuae/Falcon3-7B-Instruct,1.0,0.0,62.41513354239747,False,False,False,False,False,False,False,False,False
Qwen/Qwen2.5-3B-Instruct,togethercomputer/Llama-2-7B-32K-Instruct,1.0,0.0,59.15968409891687,False,False,False,False,False,False,False,False,False
Qwen/Qwen2.5-3B-Instruct,upstage/SOLAR-10.7B-Instruct-v1.0,1.0,0.0,57.763559653115976,False,False,False,False,False,False,False,False,False
Qwen/Qwen2.5-3B-Instruct,utter-project/EuroLLM-1.7B-Instruct,1.0,0.0,57.50773544416591,False,False,False,False,False,False,False,False,False
google/gemma-1.1-2b-it,google/gemma-2-9b-it,1.0,0.0,61.58601700163901,False,True,True,True,True,True,False,True,False
google/gemma-1.1-2b-it,google/gemma-2b-it,1.0,0.0,57.65579725505428,False,True,True,True,True,True,True,True,False
google/gemma-1.1-2b-it,google/gemma-7b-it,1.0,0.0,57.562451324650695,False,True,True,True,True,True,True,True,False
google/gemma-1.1-2b-it,gradientai/Llama-3-8B-Instruct-Gradient-1048k,1.0,0.0,60.761872032409286,False,False,False,False,False,False,False,False,False
google/gemma-1.1-2b-it,ibm-granite/granite-3.0-8b-instruct,1.0,0.007352941176470588,63.93666671581585,False,False,False,False,False,False,False,False,False
google/gemma-1.1-2b-it,ibm-granite/granite-3.1-8b-instruct,1.0,0.0,56.73946920271659,False,False,False,False,False,False,False,False,False
google/gemma-1.1-2b-it,internlm/internlm2_5-7b-chat,1.0,0.0,56.838083321167424,False,False,False,False,False,False,False,False,False
google/gemma-1.1-2b-it,meta-llama/Llama-2-7b-chat-hf,1.0,0.0,59.466849193633465,False,False,False,False,False,False,False,False,False
google/gemma-1.1-2b-it,meta-llama/Llama-3.2-1B-Instruct,1.0,0.0,52.48270189963123,False,False,False,False,False,False,False,False,False
google/gemma-1.1-2b-it,meta-llama/Llama-3.2-3B-Instruct,1.0,0.022058823529411766,52.97030954180901,False,False,False,False,False,False,False,False,False
google/gemma-1.1-2b-it,meta-llama/Meta-Llama-3-8B-Instruct,1.0,0.014705882352941176,62.67934302405866,False,False,False,False,False,False,False,False,False
google/gemma-1.1-2b-it,meta-llama/Meta-Llama-3.1-8B-Instruct,1.0,0.007352941176470588,57.11694883133835,False,False,False,False,False,False,False,False,False
google/gemma-1.1-2b-it,microsoft/Phi-3-medium-128k-instruct,1.0,0.0,66.5983163223927,False,False,False,False,False,False,False,False,False
google/gemma-1.1-2b-it,microsoft/Phi-3-medium-4k-instruct,1.0,0.0,66.47584786847938,False,False,False,False,False,False,False,False,False
google/gemma-1.1-2b-it,microsoft/Phi-3-mini-128k-instruct,1.0,0.0,56.102182177656275,False,False,False,False,False,False,False,False,False
google/gemma-1.1-2b-it,microsoft/Phi-3-mini-4k-instruct,1.0,0.0,58.08119581449502,False,False,False,False,False,False,False,False,False
google/gemma-1.1-2b-it,microsoft/Phi-3.5-mini-instruct,1.0,0.0,60.99818403539667,False,False,False,False,False,False,False,False,False
google/gemma-1.1-2b-it,mistralai/Mistral-7B-Instruct-v0.1,1.0,0.0,57.486617503510836,False,False,False,False,False,False,False,False,False
google/gemma-1.1-2b-it,mistralai/Mistral-7B-Instruct-v0.2,1.0,0.0,61.26252505316878,False,False,False,False,False,False,False,False,False
google/gemma-1.1-2b-it,mistralai/Mistral-7B-Instruct-v0.3,1.0,0.0,58.10679124744994,False,False,False,False,False,False,False,False,False
google/gemma-1.1-2b-it,nvidia/Llama3-ChatQA-1.5-8B,1.0,0.0,55.578840559605254,False,False,False,False,False,False,False,False,False
google/gemma-1.1-2b-it,openchat/openchat-3.6-8b-20240522,1.0,0.0,60.11225016374843,False,False,False,False,False,False,False,False,False
google/gemma-1.1-2b-it,openchat/openchat_3.5,1.0,0.0,61.01656628508458,False,False,False,False,False,False,False,False,False
google/gemma-1.1-2b-it,tiiuae/Falcon3-10B-Instruct,1.0,0.0,58.90013778995412,False,False,False,False,False,False,False,False,False
google/gemma-1.1-2b-it,tiiuae/Falcon3-7B-Instruct,1.0,0.0,61.913667271302224,False,False,False,False,False,False,False,False,False
google/gemma-1.1-2b-it,togethercomputer/Llama-2-7B-32K-Instruct,1.0,0.0,58.329624109394516,False,False,False,False,False,False,False,False,False
google/gemma-1.1-2b-it,upstage/SOLAR-10.7B-Instruct-v1.0,1.0,0.0,57.47592851175149,False,False,False,False,False,False,False,False,False
google/gemma-1.1-2b-it,utter-project/EuroLLM-1.7B-Instruct,1.0,0.0,61.60040375491924,False,False,False,False,False,False,False,False,False
google/gemma-1.1-7b-it,google/gemma-2-9b-it,1.0,0.0,60.04300889710946,False,True,True,True,True,True,False,True,False
google/gemma-1.1-7b-it,google/gemma-2b-it,1.0,0.0,64.57866668613292,False,True,True,True,True,True,True,True,False
google/gemma-1.1-7b-it,gradientai/Llama-3-8B-Instruct-Gradient-1048k,1.0,0.0,64.08578865206992,False,False,False,False,False,False,False,False,False
google/gemma-1.1-7b-it,ibm-granite/granite-3.0-8b-instruct,1.0,0.007352941176470588,62.24898704328622,False,False,False,False,False,False,False,False,False
google/gemma-1.1-7b-it,ibm-granite/granite-3.1-8b-instruct,1.0,0.0,57.84336060764793,False,False,False,False,False,False,False,False,False
google/gemma-1.1-7b-it,internlm/internlm2_5-7b-chat,1.0,0.0,51.667929238604714,False,False,False,False,False,False,False,False,False
google/gemma-1.1-7b-it,meta-llama/Llama-2-7b-chat-hf,1.0,0.022058823529411766,57.84905584469959,False,False,False,False,False,False,False,False,False
google/gemma-1.1-7b-it,meta-llama/Llama-3.2-1B-Instruct,1.0,0.0,60.10232817310364,False,False,False,False,False,False,False,False,False
google/gemma-1.1-7b-it,meta-llama/Llama-3.2-3B-Instruct,1.0,0.0,61.11612654960119,False,False,False,False,False,False,False,False,False
google/gemma-1.1-7b-it,meta-llama/Meta-Llama-3-8B-Instruct,1.0,0.0,66.73708978313803,False,False,False,False,False,False,False,False,False
google/gemma-1.1-7b-it,meta-llama/Meta-Llama-3.1-8B-Instruct,1.0,0.007352941176470588,63.296831748112034,False,False,False,False,False,False,False,False,False
google/gemma-1.1-7b-it,microsoft/Phi-3-medium-128k-instruct,1.0,0.0,62.47701271337251,False,False,False,False,False,False,False,False,False
google/gemma-1.1-7b-it,microsoft/Phi-3-medium-4k-instruct,1.0,0.0,66.37162608612718,False,False,False,False,False,False,False,False,False
google/gemma-1.1-7b-it,microsoft/Phi-3-mini-128k-instruct,1.0,0.0,55.55685660397751,False,False,False,False,False,False,False,False,False
google/gemma-1.1-7b-it,microsoft/Phi-3-mini-4k-instruct,1.0,0.0,59.1658408345969,False,False,False,False,False,False,False,False,False
google/gemma-1.1-7b-it,microsoft/Phi-3.5-mini-instruct,1.0,0.0,64.67269438939087,False,False,False,False,False,False,False,False,False
google/gemma-1.1-7b-it,mistralai/Mistral-7B-Instruct-v0.1,1.0,0.0,62.62037354490645,False,False,False,False,False,False,False,False,False
google/gemma-1.1-7b-it,mistralai/Mistral-7B-Instruct-v0.2,1.0,0.0,65.32722147216622,False,False,False,False,False,False,False,False,False
google/gemma-1.1-7b-it,mistralai/Mistral-7B-Instruct-v0.3,1.0,0.0,63.16353897544147,False,False,False,False,False,False,False,False,False
google/gemma-1.1-7b-it,nvidia/Llama3-ChatQA-1.5-8B,1.0,0.0,61.22002449142483,False,False,False,False,False,False,False,False,False
google/gemma-1.1-7b-it,openchat/openchat-3.6-8b-20240522,1.0,0.0,60.42398626170816,False,False,False,False,False,False,False,False,False
google/gemma-1.1-7b-it,openchat/openchat_3.5,1.0,0.0,56.28630413791178,False,False,False,False,False,False,False,False,False
google/gemma-1.1-7b-it,tiiuae/Falcon3-10B-Instruct,1.0,0.0,58.751284457666856,False,False,False,False,False,False,False,False,False
google/gemma-1.1-7b-it,tiiuae/Falcon3-7B-Instruct,1.0,0.0,62.836865195021836,False,False,False,False,False,False,False,False,False
google/gemma-1.1-7b-it,togethercomputer/Llama-2-7B-32K-Instruct,1.0,0.0,57.12333316300854,False,False,False,False,False,False,False,False,False
google/gemma-1.1-7b-it,upstage/SOLAR-10.7B-Instruct-v1.0,1.0,0.0,52.85450388528018,False,False,False,False,False,False,False,False,False
google/gemma-1.1-7b-it,utter-project/EuroLLM-1.7B-Instruct,1.0,0.0,61.33305201910956,False,False,False,False,False,False,False,False,False
google/gemma-2-9b-it,google/gemma-2b-it,1.0,0.0,60.54264743800254,False,True,True,True,True,True,False,True,False
google/gemma-2-9b-it,google/gemma-7b-it,1.0,0.0,55.94899902417783,False,True,True,True,True,True,False,True,False
google/gemma-2-9b-it,gradientai/Llama-3-8B-Instruct-Gradient-1048k,1.0,0.0,64.818767823948,False,False,False,False,False,False,False,False,False
google/gemma-2-9b-it,ibm-granite/granite-3.0-8b-instruct,1.0,0.007352941176470588,70.01799557826945,False,False,False,False,False,False,False,False,False
google/gemma-2-9b-it,ibm-granite/granite-3.1-8b-instruct,1.0,0.0,61.73085522077347,False,False,False,False,False,False,False,False,False
google/gemma-2-9b-it,internlm/internlm2_5-7b-chat,1.0,0.007352941176470588,57.879606288626206,False,False,False,False,False,False,False,False,False
google/gemma-2-9b-it,meta-llama/Llama-2-7b-chat-hf,1.0,0.0,57.21186105970055,False,False,False,False,False,False,False,False,False
google/gemma-2-9b-it,meta-llama/Llama-3.2-1B-Instruct,1.0,0.0,56.92772196033735,False,False,False,False,False,False,False,False,False
google/gemma-2-9b-it,meta-llama/Meta-Llama-3-8B-Instruct,1.0,0.0,59.196581897309244,False,False,False,False,False,False,False,False,False
google/gemma-2-9b-it,meta-llama/Meta-Llama-3.1-8B-Instruct,1.0,0.007352941176470588,59.97132829322765,False,False,False,False,False,False,False,False,False
google/gemma-2-9b-it,microsoft/Phi-3-medium-128k-instruct,1.0,0.0,68.16286912937218,False,False,False,False,False,False,False,False,False
google/gemma-2-9b-it,microsoft/Phi-3-medium-4k-instruct,1.0,0.0,66.67430788228629,False,False,False,False,False,False,False,False,False
google/gemma-2-9b-it,microsoft/Phi-3-mini-128k-instruct,1.0,0.0,60.983027672830445,False,False,False,False,False,False,False,False,False
google/gemma-2-9b-it,microsoft/Phi-3-mini-4k-instruct,1.0,0.0,60.78024218907647,False,False,False,False,False,False,False,False,False
google/gemma-2-9b-it,microsoft/Phi-3.5-mini-instruct,1.0,0.0,57.03036209763211,False,False,False,False,False,False,False,False,False
google/gemma-2-9b-it,mistralai/Mistral-7B-Instruct-v0.1,1.0,0.0,59.72226835183753,False,False,False,False,False,False,False,False,False
google/gemma-2-9b-it,mistralai/Mistral-7B-Instruct-v0.2,1.0,0.0,64.39036496345112,False,False,False,False,False,False,False,False,False
google/gemma-2-9b-it,mistralai/Mistral-7B-Instruct-v0.3,1.0,0.0,60.49481011636002,False,False,False,False,False,False,False,False,False
google/gemma-2-9b-it,nvidia/Llama3-ChatQA-1.5-8B,1.0,0.0,63.41306362328577,False,False,False,False,False,False,False,False,False
google/gemma-2-9b-it,openchat/openchat-3.6-8b-20240522,1.0,0.0,63.8774648095202,False,False,False,False,False,False,False,False,False
google/gemma-2-9b-it,openchat/openchat_3.5,1.0,0.0,61.34232323302423,False,False,False,False,False,False,False,False,False
google/gemma-2-9b-it,tiiuae/Falcon3-10B-Instruct,1.0,0.0,62.505218821583284,False,False,False,False,False,False,False,False,False
google/gemma-2-9b-it,tiiuae/Falcon3-7B-Instruct,1.0,0.0,63.34076759181287,False,False,False,False,False,False,False,False,False
google/gemma-2-9b-it,togethercomputer/Llama-2-7B-32K-Instruct,1.0,0.0,62.464652894787726,False,False,False,False,False,False,False,False,False
google/gemma-2-9b-it,upstage/SOLAR-10.7B-Instruct-v1.0,1.0,0.0,63.11893506556647,False,False,False,False,False,False,False,False,False
google/gemma-2-9b-it,utter-project/EuroLLM-1.7B-Instruct,1.0,0.0,61.8913489800004,False,False,False,False,False,False,False,False,False
google/gemma-2b-it,gradientai/Llama-3-8B-Instruct-Gradient-1048k,1.0,0.0,59.168767195610464,False,False,False,False,False,False,False,False,False
google/gemma-2b-it,ibm-granite/granite-3.0-8b-instruct,1.0,0.014705882352941176,59.40729575315553,False,False,False,False,False,False,False,False,False
google/gemma-2b-it,ibm-granite/granite-3.1-8b-instruct,1.0,0.0,58.18561853163447,False,False,False,False,False,False,False,False,False
google/gemma-2b-it,internlm/internlm2_5-7b-chat,1.0,0.0,61.953279845053,False,False,False,False,False,False,False,False,False
google/gemma-2b-it,meta-llama/Llama-2-7b-chat-hf,1.0,0.0,63.46726962970136,False,False,False,False,False,False,False,False,False
google/gemma-2b-it,meta-llama/Llama-3.2-1B-Instruct,1.0,0.0,60.40846342038126,False,False,False,False,False,False,False,False,False
google/gemma-2b-it,meta-llama/Llama-3.2-3B-Instruct,1.0,0.0,62.861361706461615,False,False,False,False,False,False,False,False,False
google/gemma-2b-it,meta-llama/Meta-Llama-3-8B-Instruct,1.0,0.0,55.533123932637814,False,False,False,False,False,False,False,False,False
google/gemma-2b-it,meta-llama/Meta-Llama-3.1-8B-Instruct,1.0,0.007352941176470588,64.70375070018225,False,False,False,False,False,False,False,False,False
google/gemma-2b-it,microsoft/Phi-3-medium-128k-instruct,1.0,0.0,68.75601279519073,False,False,False,False,False,False,False,False,False
google/gemma-2b-it,microsoft/Phi-3-medium-4k-instruct,1.0,0.0,69.34412054280517,False,False,False,False,False,False,False,False,False
google/gemma-2b-it,microsoft/Phi-3-mini-128k-instruct,1.0,0.0,61.89620351358919,False,False,False,False,False,False,False,False,False
google/gemma-2b-it,microsoft/Phi-3-mini-4k-instruct,1.0,0.0,62.171015120028436,False,False,False,False,False,False,False,False,False
google/gemma-2b-it,microsoft/Phi-3.5-mini-instruct,1.0,0.0,60.36759473215756,False,False,False,False,False,False,False,False,False
google/gemma-2b-it,mistralai/Mistral-7B-Instruct-v0.1,1.0,0.0,56.835881787278474,False,False,False,False,False,False,False,False,False
google/gemma-2b-it,mistralai/Mistral-7B-Instruct-v0.2,1.0,0.0,59.89870153922066,False,False,False,False,False,False,False,False,False
google/gemma-2b-it,mistralai/Mistral-7B-Instruct-v0.3,1.0,0.0,61.48876227293955,False,False,False,False,False,False,False,False,False
google/gemma-2b-it,nvidia/Llama3-ChatQA-1.5-8B,1.0,0.0,64.77993352244123,False,False,False,False,False,False,False,False,False
google/gemma-2b-it,openchat/openchat-3.6-8b-20240522,1.0,0.0,58.85337735023533,False,False,False,False,False,False,False,False,False
google/gemma-2b-it,openchat/openchat_3.5,1.0,0.0,56.04228403306029,False,False,False,False,False,False,False,False,False
google/gemma-2b-it,tiiuae/Falcon3-10B-Instruct,1.0,0.0,59.03288077465951,False,False,False,False,False,False,False,False,False
google/gemma-2b-it,tiiuae/Falcon3-7B-Instruct,1.0,0.0,65.7332306373852,False,False,False,False,False,False,False,False,False
google/gemma-2b-it,togethercomputer/Llama-2-7B-32K-Instruct,1.0,0.0,62.992799637688954,False,False,False,False,False,False,False,False,False
google/gemma-2b-it,upstage/SOLAR-10.7B-Instruct-v1.0,1.0,0.0,64.23710422132963,False,False,False,False,False,False,False,False,False
google/gemma-2b-it,utter-project/EuroLLM-1.7B-Instruct,1.0,0.0,65.94722561928072,False,False,False,False,False,False,False,False,False
google/gemma-7b-it,gradientai/Llama-3-8B-Instruct-Gradient-1048k,1.0,0.0,60.97609933622921,False,False,False,False,False,False,False,False,False
google/gemma-7b-it,ibm-granite/granite-3.0-8b-instruct,1.0,0.014705882352941176,60.7708654951822,False,False,False,False,False,False,False,False,False
google/gemma-7b-it,ibm-granite/granite-3.1-8b-instruct,1.0,0.0,58.66190966313665,False,False,False,False,False,False,False,False,False
google/gemma-7b-it,internlm/internlm2_5-7b-chat,1.0,0.0,62.65771683414283,False,False,False,False,False,False,False,False,False
google/gemma-7b-it,meta-llama/Llama-2-7b-chat-hf,1.0,0.0,60.80502454543375,False,False,False,False,False,False,False,False,False
google/gemma-7b-it,meta-llama/Llama-3.2-1B-Instruct,1.0,0.0,62.6327465290656,False,False,False,False,False,False,False,False,False
google/gemma-7b-it,meta-llama/Llama-3.2-3B-Instruct,1.0,0.0,63.47883511015993,False,False,False,False,False,False,False,False,False
google/gemma-7b-it,meta-llama/Meta-Llama-3-8B-Instruct,1.0,0.0,63.23113522380144,False,False,False,False,False,False,False,False,False
google/gemma-7b-it,meta-llama/Meta-Llama-3.1-8B-Instruct,1.0,0.007352941176470588,65.74303028555178,False,False,False,False,False,False,False,False,False
google/gemma-7b-it,microsoft/Phi-3-medium-128k-instruct,1.0,0.0,67.18277503307871,False,False,False,False,False,False,False,False,False
google/gemma-7b-it,microsoft/Phi-3-medium-4k-instruct,1.0,0.0,65.46044939840615,False,False,False,False,False,False,False,False,False
google/gemma-7b-it,microsoft/Phi-3-mini-128k-instruct,1.0,0.0,59.42143749142338,False,False,False,False,False,False,False,False,False
google/gemma-7b-it,microsoft/Phi-3-mini-4k-instruct,1.0,0.0,60.94618644980305,False,False,False,False,False,False,False,False,False
google/gemma-7b-it,microsoft/Phi-3.5-mini-instruct,1.0,0.0,61.86337641345119,False,False,False,False,False,False,False,False,False
google/gemma-7b-it,mistralai/Mistral-7B-Instruct-v0.1,1.0,0.007352941176470588,48.189019673227676,False,False,False,False,False,False,False,False,False
google/gemma-7b-it,mistralai/Mistral-7B-Instruct-v0.2,1.0,0.0,62.19329398092568,False,False,False,False,False,False,False,False,False
google/gemma-7b-it,mistralai/Mistral-7B-Instruct-v0.3,1.0,0.0,57.52399866514524,False,False,False,False,False,False,False,False,False
google/gemma-7b-it,nvidia/Llama3-ChatQA-1.5-8B,1.0,0.0,63.67340237833517,False,False,False,False,False,False,False,False,False
google/gemma-7b-it,openchat/openchat-3.6-8b-20240522,1.0,0.0,63.163417630585414,False,False,False,False,False,False,False,False,False
google/gemma-7b-it,openchat/openchat_3.5,1.0,0.0,59.84240121925023,False,False,False,False,False,False,False,False,False
google/gemma-7b-it,tiiuae/Falcon3-10B-Instruct,1.0,0.0,59.75643167056575,False,False,False,False,False,False,False,False,False
google/gemma-7b-it,tiiuae/Falcon3-7B-Instruct,1.0,0.0,65.76092437279176,False,False,False,False,False,False,False,False,False
google/gemma-7b-it,togethercomputer/Llama-2-7B-32K-Instruct,1.0,0.0,57.347670862882005,False,False,False,False,False,False,False,False,False
google/gemma-7b-it,upstage/SOLAR-10.7B-Instruct-v1.0,1.0,0.0,64.58175207613684,False,False,False,False,False,False,False,False,False
google/gemma-7b-it,utter-project/EuroLLM-1.7B-Instruct,1.0,0.0,62.60663440179595,False,False,False,False,False,False,False,False,False
gradientai/Llama-3-8B-Instruct-Gradient-1048k,ibm-granite/granite-3.0-8b-instruct,1.0,0.007352941176470588,56.69030270578821,False,False,False,False,False,False,False,False,False
gradientai/Llama-3-8B-Instruct-Gradient-1048k,ibm-granite/granite-3.1-8b-instruct,1.0,0.0,62.63464642267945,False,False,False,False,False,False,False,False,False
gradientai/Llama-3-8B-Instruct-Gradient-1048k,internlm/internlm2_5-7b-chat,1.0,0.0,60.418069612294246,False,False,False,False,False,False,False,False,False
gradientai/Llama-3-8B-Instruct-Gradient-1048k,meta-llama/Llama-2-7b-chat-hf,1.0,0.0,63.748367544066205,False,False,False,False,False,False,True,False,False
gradientai/Llama-3-8B-Instruct-Gradient-1048k,meta-llama/Llama-3.2-1B-Instruct,1.0,0.0,52.04864577278541,False,True,True,True,True,False,True,True,False
gradientai/Llama-3-8B-Instruct-Gradient-1048k,meta-llama/Llama-3.2-3B-Instruct,1.0,0.007352941176470588,56.56899415312879,False,True,True,True,True,False,True,True,False
gradientai/Llama-3-8B-Instruct-Gradient-1048k,meta-llama/Meta-Llama-3-8B-Instruct,1.0,0.014705882352941176,59.46087533235861,True,False,True,True,True,False,True,True,False
gradientai/Llama-3-8B-Instruct-Gradient-1048k,meta-llama/Meta-Llama-3.1-8B-Instruct,1.0,0.007352941176470588,64.09210666765658,False,True,True,True,True,False,True,True,False
gradientai/Llama-3-8B-Instruct-Gradient-1048k,microsoft/Phi-3-medium-128k-instruct,1.0,0.0,63.113398637032596,False,False,False,False,False,False,False,False,False
gradientai/Llama-3-8B-Instruct-Gradient-1048k,microsoft/Phi-3-medium-4k-instruct,1.0,0.0,64.67881972242179,False,False,False,False,False,False,False,False,False
gradientai/Llama-3-8B-Instruct-Gradient-1048k,microsoft/Phi-3-mini-128k-instruct,1.0,0.0,54.662943319466564,False,False,False,False,False,False,False,False,False
gradientai/Llama-3-8B-Instruct-Gradient-1048k,microsoft/Phi-3-mini-4k-instruct,1.0,0.0,56.90943425211948,False,False,False,False,False,False,False,False,False
gradientai/Llama-3-8B-Instruct-Gradient-1048k,microsoft/Phi-3.5-mini-instruct,1.0,0.0,61.24911479974995,False,False,False,False,False,False,False,False,False
gradientai/Llama-3-8B-Instruct-Gradient-1048k,mistralai/Mistral-7B-Instruct-v0.1,1.0,0.007352941176470588,52.075416403999206,False,False,False,False,False,False,False,False,False
gradientai/Llama-3-8B-Instruct-Gradient-1048k,mistralai/Mistral-7B-Instruct-v0.2,1.0,0.0,54.00253573369735,False,False,False,False,False,False,False,False,False
gradientai/Llama-3-8B-Instruct-Gradient-1048k,mistralai/Mistral-7B-Instruct-v0.3,1.0,0.0,60.23916749167883,False,False,False,False,False,False,False,False,False
gradientai/Llama-3-8B-Instruct-Gradient-1048k,nvidia/Llama3-ChatQA-1.5-8B,1.0,0.0,53.31043306953088,True,False,True,True,True,False,True,True,False
gradientai/Llama-3-8B-Instruct-Gradient-1048k,openchat/openchat-3.6-8b-20240522,1.0,0.0,68.1759302343132,True,False,True,True,True,False,True,True,False
gradientai/Llama-3-8B-Instruct-Gradient-1048k,openchat/openchat_3.5,1.0,0.0,65.04522818761204,False,False,False,False,False,False,False,False,False
gradientai/Llama-3-8B-Instruct-Gradient-1048k,tiiuae/Falcon3-10B-Instruct,1.0,0.0,60.03969165706448,False,False,False,False,False,False,False,False,False
gradientai/Llama-3-8B-Instruct-Gradient-1048k,tiiuae/Falcon3-7B-Instruct,1.0,0.0,64.77911275967608,False,False,False,False,False,False,False,False,False
gradientai/Llama-3-8B-Instruct-Gradient-1048k,togethercomputer/Llama-2-7B-32K-Instruct,1.0,0.0,53.86264472616376,False,False,False,False,False,False,True,False,False
gradientai/Llama-3-8B-Instruct-Gradient-1048k,upstage/SOLAR-10.7B-Instruct-v1.0,1.0,0.0,64.78766475542189,False,False,False,False,False,False,True,False,False
gradientai/Llama-3-8B-Instruct-Gradient-1048k,utter-project/EuroLLM-1.7B-Instruct,1.0,0.0,55.74271864169779,False,False,False,False,False,False,True,False,False
ibm-granite/granite-3.0-8b-instruct,internlm/internlm2_5-7b-chat,1.0,0.014705882352941176,63.36633236561737,False,False,False,False,False,False,False,False,False
ibm-granite/granite-3.0-8b-instruct,meta-llama/Llama-2-7b-chat-hf,1.0,0.014705882352941176,66.00392805352439,False,False,False,False,False,False,False,False,False
ibm-granite/granite-3.0-8b-instruct,meta-llama/Llama-3.2-1B-Instruct,1.0,0.022058823529411766,59.795113100779375,False,False,False,False,False,False,False,False,False
ibm-granite/granite-3.0-8b-instruct,meta-llama/Llama-3.2-3B-Instruct,1.0,0.014705882352941176,62.08309612416631,False,False,False,False,False,False,False,False,False
ibm-granite/granite-3.0-8b-instruct,microsoft/Phi-3-medium-128k-instruct,1.0,0.007352941176470588,61.17449213264315,False,False,False,False,False,False,False,False,False
ibm-granite/granite-3.0-8b-instruct,microsoft/Phi-3-medium-4k-instruct,1.0,0.0,66.04599084017741,False,False,False,False,False,False,False,False,False
ibm-granite/granite-3.0-8b-instruct,microsoft/Phi-3-mini-128k-instruct,1.0,0.03676470588235294,53.91763109112186,False,False,False,False,False,False,False,False,False
ibm-granite/granite-3.0-8b-instruct,microsoft/Phi-3-mini-4k-instruct,1.0,0.029411764705882353,58.955609938550054,False,False,False,False,False,False,False,False,False
ibm-granite/granite-3.0-8b-instruct,microsoft/Phi-3.5-mini-instruct,1.0,0.007352941176470588,68.24397757470307,False,False,False,False,False,False,False,False,False
ibm-granite/granite-3.0-8b-instruct,mistralai/Mistral-7B-Instruct-v0.2,1.0,0.022058823529411766,58.49097017877504,False,False,False,False,False,False,False,False,False
ibm-granite/granite-3.0-8b-instruct,mistralai/Mistral-7B-Instruct-v0.3,1.0,0.022058823529411766,59.66304874461682,False,False,False,False,False,False,False,False,False
ibm-granite/granite-3.0-8b-instruct,nvidia/Llama3-ChatQA-1.5-8B,1.0,0.014705882352941176,60.21357940702902,False,False,False,False,False,False,False,False,False
ibm-granite/granite-3.0-8b-instruct,openchat/openchat_3.5,1.0,0.029411764705882353,57.26886166651089,False,False,False,False,False,False,False,False,False
ibm-granite/granite-3.0-8b-instruct,tiiuae/Falcon3-7B-Instruct,1.0,0.007352941176470588,66.70679557931203,False,False,False,False,False,False,False,False,False
ibm-granite/granite-3.0-8b-instruct,togethercomputer/Llama-2-7B-32K-Instruct,1.0,0.014705882352941176,60.09295411497924,False,False,False,False,False,False,False,False,False
ibm-granite/granite-3.0-8b-instruct,upstage/SOLAR-10.7B-Instruct-v1.0,1.0,0.014705882352941176,65.69531432447452,False,False,False,False,False,False,False,False,False
ibm-granite/granite-3.0-8b-instruct,utter-project/EuroLLM-1.7B-Instruct,1.0,0.007352941176470588,65.01119216623061,False,False,False,False,False,False,False,False,False
ibm-granite/granite-3.1-8b-instruct,internlm/internlm2_5-7b-chat,1.0,0.014705882352941176,58.27244678654467,False,False,False,False,False,False,False,False,False
ibm-granite/granite-3.1-8b-instruct,meta-llama/Llama-2-7b-chat-hf,1.0,0.007352941176470588,62.86424944633444,False,False,False,False,False,False,False,False,False
ibm-granite/granite-3.1-8b-instruct,meta-llama/Llama-3.2-1B-Instruct,1.0,0.0,54.404296671971196,False,False,False,False,False,False,False,False,False
ibm-granite/granite-3.1-8b-instruct,meta-llama/Llama-3.2-3B-Instruct,1.0,0.007352941176470588,54.57113497308084,False,False,False,False,False,False,False,False,False
ibm-granite/granite-3.1-8b-instruct,meta-llama/Meta-Llama-3-8B-Instruct,1.0,0.014705882352941176,60.014727120285706,False,False,False,False,False,False,False,False,False
ibm-granite/granite-3.1-8b-instruct,microsoft/Phi-3-medium-128k-instruct,1.0,0.0,63.788492136050124,False,False,False,False,False,False,False,False,False
ibm-granite/granite-3.1-8b-instruct,microsoft/Phi-3-medium-4k-instruct,1.0,0.0,62.6948003103789,False,False,False,False,False,False,False,False,False
ibm-granite/granite-3.1-8b-instruct,microsoft/Phi-3-mini-4k-instruct,1.0,0.0,60.47544746126398,False,False,False,False,False,False,False,False,False
ibm-granite/granite-3.1-8b-instruct,microsoft/Phi-3.5-mini-instruct,1.0,0.0,57.48554653416862,False,False,False,False,False,False,False,False,False
ibm-granite/granite-3.1-8b-instruct,mistralai/Mistral-7B-Instruct-v0.1,1.0,0.0,56.46348108307629,False,False,False,False,False,False,False,False,False
ibm-granite/granite-3.1-8b-instruct,mistralai/Mistral-7B-Instruct-v0.2,1.0,0.0,55.77152850492771,False,False,False,False,False,False,False,False,False
ibm-granite/granite-3.1-8b-instruct,nvidia/Llama3-ChatQA-1.5-8B,1.0,0.0,60.88860695133218,False,False,False,False,False,False,False,False,False
ibm-granite/granite-3.1-8b-instruct,openchat/openchat-3.6-8b-20240522,1.0,0.0,55.59843071802756,False,False,False,False,False,False,False,False,False
ibm-granite/granite-3.1-8b-instruct,openchat/openchat_3.5,1.0,0.0,55.98681286942796,False,False,False,False,False,False,False,False,False
ibm-granite/granite-3.1-8b-instruct,tiiuae/Falcon3-10B-Instruct,1.0,0.0,61.76361494100796,False,False,False,False,False,False,False,False,False
ibm-granite/granite-3.1-8b-instruct,tiiuae/Falcon3-7B-Instruct,1.0,0.0,62.74686446232614,False,False,False,False,False,False,False,False,False
ibm-granite/granite-3.1-8b-instruct,togethercomputer/Llama-2-7B-32K-Instruct,1.0,0.0,61.287402215512465,False,False,False,False,False,False,False,False,False
ibm-granite/granite-3.1-8b-instruct,upstage/SOLAR-10.7B-Instruct-v1.0,1.0,0.0,63.989483692705406,False,False,False,False,False,False,False,False,False
ibm-granite/granite-3.1-8b-instruct,utter-project/EuroLLM-1.7B-Instruct,1.0,0.0,60.665191113450994,False,False,False,False,False,False,False,False,False
internlm/internlm2_5-7b-chat,meta-llama/Llama-2-7b-chat-hf,1.0,0.0,53.293300354355,False,False,False,False,False,False,False,False,False
internlm/internlm2_5-7b-chat,meta-llama/Llama-3.2-1B-Instruct,1.0,0.014705882352941176,58.458538022426296,False,False,False,False,False,False,False,False,False
internlm/internlm2_5-7b-chat,meta-llama/Llama-3.2-3B-Instruct,1.0,0.0,57.24501996609809,False,False,False,False,False,False,False,False,False
internlm/internlm2_5-7b-chat,meta-llama/Meta-Llama-3-8B-Instruct,1.0,0.007352941176470588,63.487796019896486,False,False,False,False,False,False,False,False,False
internlm/internlm2_5-7b-chat,meta-llama/Meta-Llama-3.1-8B-Instruct,1.0,0.007352941176470588,59.543387902942655,False,False,False,False,False,False,False,False,False
internlm/internlm2_5-7b-chat,microsoft/Phi-3-medium-128k-instruct,1.0,0.0,61.6664534619755,False,False,False,False,False,False,False,False,False
internlm/internlm2_5-7b-chat,microsoft/Phi-3-medium-4k-instruct,1.0,0.0,65.73868946370284,False,False,False,False,False,False,False,False,False
internlm/internlm2_5-7b-chat,microsoft/Phi-3-mini-128k-instruct,1.0,0.0,52.51564153339375,False,False,False,False,False,False,False,False,False
internlm/internlm2_5-7b-chat,microsoft/Phi-3-mini-4k-instruct,1.0,0.0,59.165069610123716,False,False,False,False,False,False,False,False,False
internlm/internlm2_5-7b-chat,microsoft/Phi-3.5-mini-instruct,1.0,0.0,64.21494100126147,False,False,False,False,False,False,False,False,False
internlm/internlm2_5-7b-chat,mistralai/Mistral-7B-Instruct-v0.1,1.0,0.0,58.66604498070823,False,False,False,False,False,False,False,False,False
internlm/internlm2_5-7b-chat,mistralai/Mistral-7B-Instruct-v0.2,1.0,0.0,62.53842129667958,False,False,False,False,False,False,False,False,False
internlm/internlm2_5-7b-chat,mistralai/Mistral-7B-Instruct-v0.3,1.0,0.0,59.7858038897327,False,False,False,False,False,False,False,False,False
internlm/internlm2_5-7b-chat,nvidia/Llama3-ChatQA-1.5-8B,1.0,0.0,60.7595597271325,False,False,False,False,False,False,False,False,False
internlm/internlm2_5-7b-chat,openchat/openchat-3.6-8b-20240522,1.0,0.007352941176470588,60.85275784496938,False,False,False,False,False,False,False,False,False
internlm/internlm2_5-7b-chat,openchat/openchat_3.5,1.0,0.0,57.346343556983655,False,False,False,False,False,False,False,False,False
internlm/internlm2_5-7b-chat,tiiuae/Falcon3-10B-Instruct,1.0,0.007352941176470588,59.22914380600765,False,False,False,False,False,False,False,False,False
internlm/internlm2_5-7b-chat,tiiuae/Falcon3-7B-Instruct,1.0,0.007352941176470588,56.74084570489841,False,False,False,False,False,False,False,False,False
internlm/internlm2_5-7b-chat,togethercomputer/Llama-2-7B-32K-Instruct,1.0,0.0,57.19196764813879,False,False,False,False,False,False,False,False,False
internlm/internlm2_5-7b-chat,upstage/SOLAR-10.7B-Instruct-v1.0,1.0,0.0,53.60448501395349,False,False,False,False,False,False,False,False,False
internlm/internlm2_5-7b-chat,utter-project/EuroLLM-1.7B-Instruct,1.0,0.0,64.53337512012625,False,False,False,False,False,False,False,False,False
meta-llama/Llama-2-7b-chat-hf,meta-llama/Llama-3.2-1B-Instruct,1.0,0.0,65.67782723883076,False,False,False,False,False,True,True,False,False
meta-llama/Llama-2-7b-chat-hf,meta-llama/Llama-3.2-3B-Instruct,1.0,0.0,58.87592150112076,False,False,False,False,False,True,True,False,False
meta-llama/Llama-2-7b-chat-hf,meta-llama/Meta-Llama-3-8B-Instruct,1.0,0.0,62.68578350143296,False,False,False,False,False,True,True,False,False
meta-llama/Llama-2-7b-chat-hf,meta-llama/Meta-Llama-3.1-8B-Instruct,1.0,0.007352941176470588,66.92866438831828,False,False,False,False,False,True,True,False,False
meta-llama/Llama-2-7b-chat-hf,microsoft/Phi-3-medium-128k-instruct,1.0,0.0,61.41781747891925,False,False,False,False,False,False,False,True,False
meta-llama/Llama-2-7b-chat-hf,microsoft/Phi-3-medium-4k-instruct,1.0,0.0,66.71017091576586,False,False,False,False,False,False,False,True,False
meta-llama/Llama-2-7b-chat-hf,microsoft/Phi-3-mini-128k-instruct,1.0,0.0,53.73823473638011,False,False,False,False,False,False,False,True,False
meta-llama/Llama-2-7b-chat-hf,microsoft/Phi-3-mini-4k-instruct,1.0,0.0,58.462538957020826,False,False,False,False,False,False,False,True,False
meta-llama/Llama-2-7b-chat-hf,microsoft/Phi-3.5-mini-instruct,1.0,0.0,62.9097279360038,False,False,False,False,False,False,False,True,False
meta-llama/Llama-2-7b-chat-hf,mistralai/Mistral-7B-Instruct-v0.1,1.0,0.0,59.57584687455149,False,False,False,False,False,False,False,False,False
meta-llama/Llama-2-7b-chat-hf,mistralai/Mistral-7B-Instruct-v0.2,1.0,0.0,57.85503088529394,False,False,False,False,False,False,False,False,False
meta-llama/Llama-2-7b-chat-hf,mistralai/Mistral-7B-Instruct-v0.3,1.0,0.0,58.99040010681798,False,False,False,False,False,False,False,False,False
meta-llama/Llama-2-7b-chat-hf,nvidia/Llama3-ChatQA-1.5-8B,1.0,0.0,59.420667079808,False,False,False,False,False,False,True,False,False
meta-llama/Llama-2-7b-chat-hf,openchat/openchat-3.6-8b-20240522,1.0,0.0,64.61330864717495,False,False,False,False,False,False,True,False,False
meta-llama/Llama-2-7b-chat-hf,openchat/openchat_3.5,1.0,0.0,63.15370755037767,False,False,False,False,False,False,False,False,False
meta-llama/Llama-2-7b-chat-hf,tiiuae/Falcon3-10B-Instruct,1.0,0.0,57.328788943323296,False,False,False,False,False,False,False,False,False
meta-llama/Llama-2-7b-chat-hf,tiiuae/Falcon3-7B-Instruct,1.0,0.0,60.85967769858275,False,False,False,False,False,False,False,False,False
meta-llama/Llama-2-7b-chat-hf,upstage/SOLAR-10.7B-Instruct-v1.0,1.0,0.007352941176470588,55.57756988853493,False,False,False,False,False,False,True,False,False
meta-llama/Llama-2-7b-chat-hf,utter-project/EuroLLM-1.7B-Instruct,1.0,0.014705882352941176,58.8368145589515,False,False,False,False,False,False,True,False,False
meta-llama/Llama-3.2-1B-Instruct,microsoft/Phi-3-medium-128k-instruct,1.0,0.0,65.16609687353319,False,False,False,False,False,False,False,False,False
meta-llama/Llama-3.2-1B-Instruct,microsoft/Phi-3-medium-4k-instruct,1.0,0.0,64.29128687880886,False,False,False,False,False,False,False,False,False
meta-llama/Llama-3.2-1B-Instruct,microsoft/Phi-3-mini-128k-instruct,1.0,0.0,56.13907298310972,False,False,False,False,False,False,False,False,False
meta-llama/Llama-3.2-1B-Instruct,microsoft/Phi-3-mini-4k-instruct,1.0,0.0,58.01720502013252,False,False,False,False,False,False,False,False,False
meta-llama/Llama-3.2-1B-Instruct,microsoft/Phi-3.5-mini-instruct,1.0,0.0,54.83270977501711,False,False,False,False,False,False,False,False,False
meta-llama/Llama-3.2-1B-Instruct,mistralai/Mistral-7B-Instruct-v0.1,1.0,0.0,60.729969150556286,False,False,False,False,False,False,False,False,False
meta-llama/Llama-3.2-1B-Instruct,mistralai/Mistral-7B-Instruct-v0.2,1.0,0.0,58.175835346487936,False,False,False,False,False,False,False,False,False
meta-llama/Llama-3.2-1B-Instruct,mistralai/Mistral-7B-Instruct-v0.3,1.0,0.007352941176470588,60.78033881289373,False,False,False,False,False,False,False,False,False
meta-llama/Llama-3.2-1B-Instruct,nvidia/Llama3-ChatQA-1.5-8B,1.0,0.0,60.009538770719374,False,True,True,True,True,False,True,True,False
meta-llama/Llama-3.2-1B-Instruct,openchat/openchat-3.6-8b-20240522,1.0,0.0,58.8902786887098,False,True,True,True,True,False,True,True,False
meta-llama/Llama-3.2-1B-Instruct,openchat/openchat_3.5,1.0,0.0,60.63292328529261,False,False,False,False,False,False,False,False,False
meta-llama/Llama-3.2-1B-Instruct,tiiuae/Falcon3-10B-Instruct,1.0,0.007352941176470588,59.65402904272915,False,False,False,False,False,False,False,False,False
meta-llama/Llama-3.2-1B-Instruct,tiiuae/Falcon3-7B-Instruct,1.0,0.014705882352941176,63.74737546427227,False,False,False,False,False,False,False,False,False
meta-llama/Llama-3.2-1B-Instruct,togethercomputer/Llama-2-7B-32K-Instruct,1.0,0.0,61.58737989024632,False,False,False,False,False,False,True,False,False
meta-llama/Llama-3.2-1B-Instruct,upstage/SOLAR-10.7B-Instruct-v1.0,1.0,0.0,62.39281875649044,False,False,False,False,False,False,True,False,False
meta-llama/Llama-3.2-1B-Instruct,utter-project/EuroLLM-1.7B-Instruct,1.0,0.0,61.89845452647748,False,False,False,False,False,False,True,False,False
meta-llama/Llama-3.2-3B-Instruct,microsoft/Phi-3-medium-128k-instruct,1.0,0.0,65.24825232584011,False,False,False,False,False,False,False,False,False
meta-llama/Llama-3.2-3B-Instruct,microsoft/Phi-3-medium-4k-instruct,1.0,0.0,64.12925976999847,False,False,False,False,False,False,False,False,False
meta-llama/Llama-3.2-3B-Instruct,microsoft/Phi-3-mini-128k-instruct,1.0,0.007352941176470588,58.820575898635916,False,False,False,False,False,False,False,False,False
meta-llama/Llama-3.2-3B-Instruct,microsoft/Phi-3-mini-4k-instruct,1.0,0.007352941176470588,60.43904266072183,False,False,False,False,False,False,False,False,False
meta-llama/Llama-3.2-3B-Instruct,microsoft/Phi-3.5-mini-instruct,1.0,0.007352941176470588,56.95470852513222,False,False,False,False,False,False,False,False,False
meta-llama/Llama-3.2-3B-Instruct,mistralai/Mistral-7B-Instruct-v0.1,1.0,0.0,57.36519916318837,False,False,False,False,False,False,False,False,False
meta-llama/Llama-3.2-3B-Instruct,mistralai/Mistral-7B-Instruct-v0.2,1.0,0.0,56.562463130453175,False,False,False,False,False,False,False,False,False
meta-llama/Llama-3.2-3B-Instruct,mistralai/Mistral-7B-Instruct-v0.3,1.0,0.0,56.02734622423701,False,False,False,False,False,False,False,False,False
meta-llama/Llama-3.2-3B-Instruct,nvidia/Llama3-ChatQA-1.5-8B,1.0,0.0,58.3865544627394,False,True,True,True,True,False,True,True,False
meta-llama/Llama-3.2-3B-Instruct,openchat/openchat-3.6-8b-20240522,1.0,0.007352941176470588,62.108427098697604,False,True,True,True,True,False,True,True,False
meta-llama/Llama-3.2-3B-Instruct,openchat/openchat_3.5,1.0,0.0,60.65581735325939,False,False,False,False,False,False,False,False,False
meta-llama/Llama-3.2-3B-Instruct,tiiuae/Falcon3-10B-Instruct,1.0,0.0,63.390944070951555,False,False,False,False,False,False,False,False,False
meta-llama/Llama-3.2-3B-Instruct,tiiuae/Falcon3-7B-Instruct,1.0,0.0,65.155588484048,False,False,False,False,False,False,False,False,False
meta-llama/Llama-3.2-3B-Instruct,togethercomputer/Llama-2-7B-32K-Instruct,1.0,0.0,57.08654149109717,False,False,False,False,False,False,True,False,False
meta-llama/Llama-3.2-3B-Instruct,upstage/SOLAR-10.7B-Instruct-v1.0,1.0,0.0,61.81594989047467,False,False,False,False,False,False,True,False,False
meta-llama/Llama-3.2-3B-Instruct,utter-project/EuroLLM-1.7B-Instruct,1.0,0.0,59.65688627330831,False,False,False,False,False,False,True,False,False
meta-llama/Meta-Llama-3-8B-Instruct,microsoft/Phi-3-medium-128k-instruct,1.0,0.0,62.518838921043134,False,False,False,False,False,False,False,False,False
meta-llama/Meta-Llama-3-8B-Instruct,microsoft/Phi-3-medium-4k-instruct,1.0,0.0,62.30300768788454,False,False,False,False,False,False,False,False,False
meta-llama/Meta-Llama-3-8B-Instruct,microsoft/Phi-3-mini-128k-instruct,1.0,0.014705882352941176,58.008154661602994,False,False,False,False,False,False,False,False,False
meta-llama/Meta-Llama-3-8B-Instruct,microsoft/Phi-3-mini-4k-instruct,1.0,0.014705882352941176,60.717053709395366,False,False,False,False,False,False,False,False,False
meta-llama/Meta-Llama-3-8B-Instruct,microsoft/Phi-3.5-mini-instruct,1.0,0.014705882352941176,59.08509849331853,False,False,False,False,False,False,False,False,False
meta-llama/Meta-Llama-3-8B-Instruct,mistralai/Mistral-7B-Instruct-v0.1,1.0,0.007352941176470588,56.416242527981076,False,False,False,False,False,False,False,False,False
meta-llama/Meta-Llama-3-8B-Instruct,mistralai/Mistral-7B-Instruct-v0.3,1.0,0.014705882352941176,58.03702342661033,False,False,False,False,False,False,False,False,False
meta-llama/Meta-Llama-3-8B-Instruct,nvidia/Llama3-ChatQA-1.5-8B,1.0,0.014705882352941176,65.2633434480809,True,False,True,True,True,False,True,True,False
meta-llama/Meta-Llama-3-8B-Instruct,openchat/openchat-3.6-8b-20240522,1.0,0.007352941176470588,57.656436403348145,True,False,True,True,True,False,True,True,False
meta-llama/Meta-Llama-3-8B-Instruct,openchat/openchat_3.5,1.0,0.0,60.160773591237906,False,False,False,False,False,False,False,False,False
meta-llama/Meta-Llama-3-8B-Instruct,tiiuae/Falcon3-10B-Instruct,1.0,0.0,58.598030255379506,False,False,False,False,False,False,False,False,False
meta-llama/Meta-Llama-3-8B-Instruct,tiiuae/Falcon3-7B-Instruct,1.0,0.0,60.135705836647666,False,False,False,False,False,False,False,False,False
meta-llama/Meta-Llama-3-8B-Instruct,upstage/SOLAR-10.7B-Instruct-v1.0,1.0,0.0,62.30018955158203,False,False,False,False,False,False,True,False,False
meta-llama/Meta-Llama-3-8B-Instruct,utter-project/EuroLLM-1.7B-Instruct,1.0,0.014705882352941176,65.07106730198798,False,False,False,False,False,False,True,False,False
meta-llama/Meta-Llama-3.1-8B-Instruct,microsoft/Phi-3-medium-128k-instruct,1.0,0.0,68.74116194500508,False,False,False,False,False,False,False,False,False
meta-llama/Meta-Llama-3.1-8B-Instruct,microsoft/Phi-3-medium-4k-instruct,1.0,0.0,66.5968029195227,False,False,False,False,False,False,False,False,False
meta-llama/Meta-Llama-3.1-8B-Instruct,microsoft/Phi-3-mini-128k-instruct,1.0,0.007352941176470588,58.18512327833307,False,False,False,False,False,False,False,False,False
meta-llama/Meta-Llama-3.1-8B-Instruct,microsoft/Phi-3-mini-4k-instruct,1.0,0.007352941176470588,59.88650612637232,False,False,False,False,False,False,False,False,False
meta-llama/Meta-Llama-3.1-8B-Instruct,microsoft/Phi-3.5-mini-instruct,1.0,0.007352941176470588,61.286604808886,False,False,False,False,False,False,False,False,False
meta-llama/Meta-Llama-3.1-8B-Instruct,mistralai/Mistral-7B-Instruct-v0.1,1.0,0.007352941176470588,57.91659096790562,False,False,False,False,False,False,False,False,False
meta-llama/Meta-Llama-3.1-8B-Instruct,mistralai/Mistral-7B-Instruct-v0.2,1.0,0.007352941176470588,61.21294552710338,False,False,False,False,False,False,False,False,False
meta-llama/Meta-Llama-3.1-8B-Instruct,mistralai/Mistral-7B-Instruct-v0.3,1.0,0.007352941176470588,59.38948963910911,False,False,False,False,False,False,False,False,False
meta-llama/Meta-Llama-3.1-8B-Instruct,openchat/openchat-3.6-8b-20240522,1.0,0.007352941176470588,61.42665653531354,False,True,True,True,True,False,True,True,False
meta-llama/Meta-Llama-3.1-8B-Instruct,openchat/openchat_3.5,1.0,0.007352941176470588,60.51218692013031,False,False,False,False,False,False,False,False,False
meta-llama/Meta-Llama-3.1-8B-Instruct,tiiuae/Falcon3-7B-Instruct,1.0,0.007352941176470588,61.98517597006027,False,False,False,False,False,False,False,False,False
meta-llama/Meta-Llama-3.1-8B-Instruct,togethercomputer/Llama-2-7B-32K-Instruct,1.0,0.007352941176470588,66.37300426026326,False,False,False,False,False,False,True,False,False
meta-llama/Meta-Llama-3.1-8B-Instruct,upstage/SOLAR-10.7B-Instruct-v1.0,1.0,0.007352941176470588,62.38013758905471,False,False,False,False,False,False,True,False,False
meta-llama/Meta-Llama-3.1-8B-Instruct,utter-project/EuroLLM-1.7B-Instruct,1.0,0.007352941176470588,65.75998835261821,False,False,False,False,False,False,True,False,False
microsoft/Phi-3-medium-128k-instruct,microsoft/Phi-3.5-mini-instruct,1.0,0.0,72.39404864009104,False,True,True,True,True,True,True,True,False
microsoft/Phi-3-medium-128k-instruct,mistralai/Mistral-7B-Instruct-v0.1,1.0,0.0,58.391626925153346,False,False,False,False,False,False,False,False,False
microsoft/Phi-3-medium-128k-instruct,mistralai/Mistral-7B-Instruct-v0.2,1.0,0.0,63.24906075526965,False,False,False,False,False,False,False,False,False
microsoft/Phi-3-medium-128k-instruct,mistralai/Mistral-7B-Instruct-v0.3,1.0,0.0,59.63171308420656,False,False,False,False,False,False,False,False,False
microsoft/Phi-3-medium-128k-instruct,nvidia/Llama3-ChatQA-1.5-8B,1.0,0.0,64.99285604168422,False,False,False,False,False,False,False,False,False
microsoft/Phi-3-medium-128k-instruct,openchat/openchat-3.6-8b-20240522,1.0,0.0,69.5987181212632,False,False,False,False,False,False,False,False,False
microsoft/Phi-3-medium-128k-instruct,openchat/openchat_3.5,1.0,0.0,62.19491132104235,False,False,False,False,False,False,False,False,False
microsoft/Phi-3-medium-128k-instruct,tiiuae/Falcon3-10B-Instruct,1.0,0.007352941176470588,54.75495064369118,False,False,False,False,False,False,False,False,False
microsoft/Phi-3-medium-128k-instruct,tiiuae/Falcon3-7B-Instruct,1.0,0.0,60.48741312671014,False,False,False,False,False,False,False,False,False
microsoft/Phi-3-medium-128k-instruct,togethercomputer/Llama-2-7B-32K-Instruct,1.0,0.0,66.68847912741761,False,False,False,False,False,False,False,True,False
microsoft/Phi-3-medium-128k-instruct,upstage/SOLAR-10.7B-Instruct-v1.0,1.0,0.0,63.41184123062235,False,False,False,False,False,False,False,False,False
microsoft/Phi-3-medium-128k-instruct,utter-project/EuroLLM-1.7B-Instruct,1.0,0.0,69.4216213710754,False,False,False,False,False,False,False,False,False
microsoft/Phi-3-medium-4k-instruct,microsoft/Phi-3-mini-128k-instruct,1.0,0.007352941176470588,58.64466571936843,False,True,True,True,True,True,True,True,False
microsoft/Phi-3-medium-4k-instruct,mistralai/Mistral-7B-Instruct-v0.1,1.0,0.007352941176470588,60.54548059000182,False,False,False,False,False,False,False,False,False
microsoft/Phi-3-medium-4k-instruct,mistralai/Mistral-7B-Instruct-v0.2,1.0,0.0,67.02632451181167,False,False,False,False,False,False,False,False,False
microsoft/Phi-3-medium-4k-instruct,mistralai/Mistral-7B-Instruct-v0.3,1.0,0.0,54.622752771163604,False,False,False,False,False,False,False,False,False
microsoft/Phi-3-medium-4k-instruct,nvidia/Llama3-ChatQA-1.5-8B,1.0,0.0,64.07547757267879,False,False,False,False,False,False,False,False,False
microsoft/Phi-3-medium-4k-instruct,openchat/openchat-3.6-8b-20240522,1.0,0.0,67.84469960044754,False,False,False,False,False,False,False,False,False
microsoft/Phi-3-medium-4k-instruct,openchat/openchat_3.5,1.0,0.0,65.05976639254853,False,False,False,False,False,False,False,False,False
microsoft/Phi-3-medium-4k-instruct,tiiuae/Falcon3-7B-Instruct,1.0,0.007352941176470588,60.620479334558354,False,False,False,False,False,False,False,False,False
microsoft/Phi-3-medium-4k-instruct,togethercomputer/Llama-2-7B-32K-Instruct,1.0,0.0,66.51965114407717,False,False,False,False,False,False,False,True,False
microsoft/Phi-3-medium-4k-instruct,upstage/SOLAR-10.7B-Instruct-v1.0,1.0,0.0,66.32164679492348,False,False,False,False,False,False,False,False,False
microsoft/Phi-3-medium-4k-instruct,utter-project/EuroLLM-1.7B-Instruct,1.0,0.0,65.15343299520259,False,False,False,False,False,False,False,False,False
microsoft/Phi-3-mini-128k-instruct,mistralai/Mistral-7B-Instruct-v0.1,1.0,0.007352941176470588,53.44158667487575,False,False,False,False,False,False,False,False,False
microsoft/Phi-3-mini-128k-instruct,mistralai/Mistral-7B-Instruct-v0.2,1.0,0.0,57.18851600268586,False,False,False,False,False,False,False,False,False
microsoft/Phi-3-mini-128k-instruct,mistralai/Mistral-7B-Instruct-v0.3,1.0,0.007352941176470588,54.193829994839746,False,False,False,False,False,False,False,False,False
microsoft/Phi-3-mini-128k-instruct,nvidia/Llama3-ChatQA-1.5-8B,1.0,0.0,56.366175781090305,False,False,False,False,False,False,False,False,False
microsoft/Phi-3-mini-128k-instruct,openchat/openchat-3.6-8b-20240522,1.0,0.0,59.55931281098376,False,False,False,False,False,False,False,False,False
microsoft/Phi-3-mini-128k-instruct,openchat/openchat_3.5,1.0,0.0,55.33235692305564,False,False,False,False,False,False,False,False,False
microsoft/Phi-3-mini-128k-instruct,tiiuae/Falcon3-10B-Instruct,1.0,0.0,51.52205249974593,False,False,False,False,False,False,False,False,False
microsoft/Phi-3-mini-128k-instruct,tiiuae/Falcon3-7B-Instruct,1.0,0.0,57.623154968317934,False,False,False,False,False,False,False,False,False
microsoft/Phi-3-mini-128k-instruct,togethercomputer/Llama-2-7B-32K-Instruct,1.0,0.0,58.92962553263467,False,False,False,False,False,False,False,True,False
microsoft/Phi-3-mini-128k-instruct,upstage/SOLAR-10.7B-Instruct-v1.0,1.0,0.0,53.575922675399255,False,False,False,False,False,False,False,False,False
microsoft/Phi-3-mini-128k-instruct,utter-project/EuroLLM-1.7B-Instruct,1.0,0.0,60.269873246398355,False,False,False,False,False,False,False,False,False
microsoft/Phi-3-mini-4k-instruct,microsoft/Phi-3.5-mini-instruct,1.0,0.014705882352941176,61.15372762615686,False,True,True,True,True,True,True,True,False
microsoft/Phi-3-mini-4k-instruct,mistralai/Mistral-7B-Instruct-v0.1,1.0,0.0,53.36624953199187,False,False,False,False,False,False,False,False,False
microsoft/Phi-3-mini-4k-instruct,mistralai/Mistral-7B-Instruct-v0.2,1.0,0.0,62.03512954006234,False,False,False,False,False,False,False,False,False
microsoft/Phi-3-mini-4k-instruct,mistralai/Mistral-7B-Instruct-v0.3,1.0,0.0,59.07382083273307,False,False,False,False,False,False,False,False,False
microsoft/Phi-3-mini-4k-instruct,nvidia/Llama3-ChatQA-1.5-8B,1.0,0.0,53.980349226095264,False,False,False,False,False,False,False,False,False
microsoft/Phi-3-mini-4k-instruct,openchat/openchat-3.6-8b-20240522,1.0,0.007352941176470588,61.03497764954256,False,False,False,False,False,False,False,False,False
microsoft/Phi-3-mini-4k-instruct,openchat/openchat_3.5,1.0,0.0,55.80098649146602,False,False,False,False,False,False,False,False,False
microsoft/Phi-3-mini-4k-instruct,tiiuae/Falcon3-10B-Instruct,1.0,0.0,57.23720725577811,False,False,False,False,False,False,False,False,False
microsoft/Phi-3-mini-4k-instruct,tiiuae/Falcon3-7B-Instruct,1.0,0.0,59.72717960714952,False,False,False,False,False,False,False,False,False
microsoft/Phi-3-mini-4k-instruct,togethercomputer/Llama-2-7B-32K-Instruct,1.0,0.0,61.426358536582306,False,False,False,False,False,False,False,True,False
microsoft/Phi-3-mini-4k-instruct,upstage/SOLAR-10.7B-Instruct-v1.0,1.0,0.0,56.144010107532914,False,False,False,False,False,False,False,False,False
microsoft/Phi-3-mini-4k-instruct,utter-project/EuroLLM-1.7B-Instruct,1.0,0.0,58.63321957297171,False,False,False,False,False,False,False,False,False
microsoft/Phi-3.5-mini-instruct,mistralai/Mistral-7B-Instruct-v0.1,1.0,0.0,60.58731766953917,False,False,False,False,False,False,False,False,False
microsoft/Phi-3.5-mini-instruct,mistralai/Mistral-7B-Instruct-v0.2,1.0,0.0,62.264874613598,False,False,False,False,False,False,False,False,False
microsoft/Phi-3.5-mini-instruct,mistralai/Mistral-7B-Instruct-v0.3,1.0,0.007352941176470588,53.562985231011275,False,False,False,False,False,False,False,False,False
microsoft/Phi-3.5-mini-instruct,nvidia/Llama3-ChatQA-1.5-8B,1.0,0.0,66.49812433282237,False,False,False,False,False,False,False,False,False
microsoft/Phi-3.5-mini-instruct,openchat/openchat-3.6-8b-20240522,1.0,0.0,56.82481369417397,False,False,False,False,False,False,False,False,False
microsoft/Phi-3.5-mini-instruct,openchat/openchat_3.5,1.0,0.0,61.056596394880074,False,False,False,False,False,False,False,False,False
microsoft/Phi-3.5-mini-instruct,tiiuae/Falcon3-10B-Instruct,1.0,0.0,61.07844162019845,False,False,False,False,False,False,False,False,False
microsoft/Phi-3.5-mini-instruct,tiiuae/Falcon3-7B-Instruct,1.0,0.0,64.32463796607236,False,False,False,False,False,False,False,False,False
microsoft/Phi-3.5-mini-instruct,togethercomputer/Llama-2-7B-32K-Instruct,1.0,0.0,62.49572048276535,False,False,False,False,False,False,False,True,False
microsoft/Phi-3.5-mini-instruct,upstage/SOLAR-10.7B-Instruct-v1.0,1.0,0.0,61.99886104993888,False,False,False,False,False,False,False,False,False
microsoft/Phi-3.5-mini-instruct,utter-project/EuroLLM-1.7B-Instruct,1.0,0.0,59.31190124201235,False,False,False,False,False,False,False,False,False
mistralai/Mistral-7B-Instruct-v0.1,mistralai/Mistral-7B-Instruct-v0.2,1.0,0.007352941176470588,54.26405126207841,False,True,True,True,True,True,True,True,False
mistralai/Mistral-7B-Instruct-v0.1,openchat/openchat-3.6-8b-20240522,1.0,0.0,60.7281320176325,False,False,False,False,False,False,False,False,False
mistralai/Mistral-7B-Instruct-v0.1,openchat/openchat_3.5,1.0,0.007352941176470588,50.88306589806602,True,False,True,True,True,False,True,True,False
mistralai/Mistral-7B-Instruct-v0.1,tiiuae/Falcon3-7B-Instruct,1.0,0.0,59.658507212857664,False,False,False,False,False,False,False,False,False
mistralai/Mistral-7B-Instruct-v0.1,upstage/SOLAR-10.7B-Instruct-v1.0,1.0,0.0,63.619896531021105,True,False,True,True,True,False,False,True,True
mistralai/Mistral-7B-Instruct-v0.2,nvidia/Llama3-ChatQA-1.5-8B,1.0,0.0,62.17689595782809,False,False,False,False,False,False,False,False,False
mistralai/Mistral-7B-Instruct-v0.2,openchat/openchat-3.6-8b-20240522,1.0,0.0,62.633478188417094,False,False,False,False,False,False,False,False,False
mistralai/Mistral-7B-Instruct-v0.2,openchat/openchat_3.5,1.0,0.0,64.34623301200142,False,True,True,True,True,False,True,True,False
mistralai/Mistral-7B-Instruct-v0.2,tiiuae/Falcon3-10B-Instruct,1.0,0.0,58.217461243505426,False,False,False,False,False,False,False,False,False
mistralai/Mistral-7B-Instruct-v0.2,tiiuae/Falcon3-7B-Instruct,1.0,0.0,64.69146750224529,False,False,False,False,False,False,False,False,False
mistralai/Mistral-7B-Instruct-v0.2,togethercomputer/Llama-2-7B-32K-Instruct,1.0,0.0,56.51272221971323,False,False,False,False,False,False,False,False,False
mistralai/Mistral-7B-Instruct-v0.2,upstage/SOLAR-10.7B-Instruct-v1.0,1.0,0.0,66.85204469218637,False,True,True,True,True,False,False,True,False
mistralai/Mistral-7B-Instruct-v0.2,utter-project/EuroLLM-1.7B-Instruct,1.0,0.0,64.44251076172823,False,False,False,False,False,False,False,False,False
mistralai/Mistral-7B-Instruct-v0.3,nvidia/Llama3-ChatQA-1.5-8B,1.0,0.0,62.030437588325874,False,False,False,False,False,False,False,False,False
mistralai/Mistral-7B-Instruct-v0.3,openchat/openchat-3.6-8b-20240522,1.0,0.007352941176470588,58.952144665867635,False,False,False,False,False,False,False,False,False
mistralai/Mistral-7B-Instruct-v0.3,openchat/openchat_3.5,1.0,0.0,58.123592752633236,False,True,True,True,True,False,True,True,False
mistralai/Mistral-7B-Instruct-v0.3,tiiuae/Falcon3-10B-Instruct,1.0,0.0,55.98143355031961,False,False,False,False,False,False,False,False,False
mistralai/Mistral-7B-Instruct-v0.3,tiiuae/Falcon3-7B-Instruct,1.0,0.0,57.815578570026034,False,False,False,False,False,False,False,False,False
mistralai/Mistral-7B-Instruct-v0.3,togethercomputer/Llama-2-7B-32K-Instruct,1.0,0.0,57.7440039652223,False,False,False,False,False,False,False,False,False
mistralai/Mistral-7B-Instruct-v0.3,upstage/SOLAR-10.7B-Instruct-v1.0,1.0,0.0,62.8926250225762,False,True,True,True,True,False,False,True,False
mistralai/Mistral-7B-Instruct-v0.3,utter-project/EuroLLM-1.7B-Instruct,1.0,0.0,59.50634549481726,False,False,False,False,False,False,False,False,False
nvidia/Llama3-ChatQA-1.5-8B,tiiuae/Falcon3-10B-Instruct,1.0,0.0,57.28121944185878,False,False,False,False,False,False,False,False,False
nvidia/Llama3-ChatQA-1.5-8B,tiiuae/Falcon3-7B-Instruct,1.0,0.0,62.47982367960492,False,False,False,False,False,False,False,False,False
nvidia/Llama3-ChatQA-1.5-8B,togethercomputer/Llama-2-7B-32K-Instruct,1.0,0.0,62.33470531653677,False,False,False,False,False,False,True,False,False
nvidia/Llama3-ChatQA-1.5-8B,upstage/SOLAR-10.7B-Instruct-v1.0,1.0,0.007352941176470588,57.68343274348206,False,False,False,False,False,False,True,False,False
nvidia/Llama3-ChatQA-1.5-8B,utter-project/EuroLLM-1.7B-Instruct,1.0,0.014705882352941176,54.885222124421375,False,False,False,False,False,False,True,False,False
openchat/openchat-3.6-8b-20240522,tiiuae/Falcon3-10B-Instruct,1.0,0.007352941176470588,58.69882792186276,False,False,False,False,False,False,False,False,False
openchat/openchat-3.6-8b-20240522,tiiuae/Falcon3-7B-Instruct,1.0,0.0,66.01395657436096,False,False,False,False,False,False,False,False,False
openchat/openchat-3.6-8b-20240522,togethercomputer/Llama-2-7B-32K-Instruct,1.0,0.0,61.95627284761738,False,False,False,False,False,False,True,False,False
openchat/openchat-3.6-8b-20240522,utter-project/EuroLLM-1.7B-Instruct,1.0,0.0,58.5987014584904,False,False,False,False,False,False,True,False,False
openchat/openchat_3.5,tiiuae/Falcon3-10B-Instruct,1.0,0.0,56.556352303641006,False,False,False,False,False,False,False,False,False
openchat/openchat_3.5,tiiuae/Falcon3-7B-Instruct,1.0,0.0,62.315813534788276,False,False,False,False,False,False,False,False,False
openchat/openchat_3.5,togethercomputer/Llama-2-7B-32K-Instruct,1.0,0.0,61.57928664693589,False,False,False,False,False,False,False,False,False
openchat/openchat_3.5,utter-project/EuroLLM-1.7B-Instruct,1.0,0.0,61.207817019632365,False,False,False,False,False,False,False,False,False
tiiuae/Falcon3-10B-Instruct,togethercomputer/Llama-2-7B-32K-Instruct,1.0,0.0,60.2967031488765,False,False,False,False,False,False,False,False,False
tiiuae/Falcon3-10B-Instruct,upstage/SOLAR-10.7B-Instruct-v1.0,1.0,0.0,55.358584580405854,False,False,False,False,False,False,False,False,False
tiiuae/Falcon3-10B-Instruct,utter-project/EuroLLM-1.7B-Instruct,1.0,0.0,60.35198874332359,False,False,False,False,False,False,False,False,False
tiiuae/Falcon3-7B-Instruct,togethercomputer/Llama-2-7B-32K-Instruct,1.0,0.0,67.87580827078362,False,False,False,False,False,False,False,False,False
tiiuae/Falcon3-7B-Instruct,upstage/SOLAR-10.7B-Instruct-v1.0,1.0,0.0,65.78064156411966,False,False,False,False,False,False,False,False,False
tiiuae/Falcon3-7B-Instruct,utter-project/EuroLLM-1.7B-Instruct,1.0,0.0,66.18893986231313,False,False,False,False,False,False,False,False,False
togethercomputer/Llama-2-7B-32K-Instruct,upstage/SOLAR-10.7B-Instruct-v1.0,1.0,0.0,64.9063214054357,False,False,False,False,False,False,True,False,False
togethercomputer/Llama-2-7B-32K-Instruct,utter-project/EuroLLM-1.7B-Instruct,1.0,0.0,55.78154712962624,False,False,False,False,False,False,True,False,False
upstage/SOLAR-10.7B-Instruct-v1.0,utter-project/EuroLLM-1.7B-Instruct,1.0,0.0,58.6788301495055,False,False,False,False,False,False,True,False,False
