pair,stratum,band,mode_mixed,fresh_only,T,att_PAPER8_k8,att_JG_k8,att_JG_k16,att_JG+ML_k8,att_JG+ML_k16,att_GC_k8,lin_PAPER8_k8,lin_JG_k8,lin_JG_k16,lin_JG+ML_k8,lin_JG+ML_k16,lin_GC_k8
CohereLabs/tiny-aya-earth | CohereLabs/tiny-aya-global,H_N,stably_hard,False,True,T1,0.544,0.652,0.672,0.776,0.748,0.636,0.66,0.74,0.74,0.82,0.84,0.72
CohereLabs/tiny-aya-earth | CohereLabs/tiny-aya-water,H_N,stably_hard,False,True,T1,0.552,0.552,0.512,0.576,0.6,0.512,0.62,0.5,0.48,0.5,0.62,0.5
CohereLabs/tiny-aya-global | CohereLabs/tiny-aya-water,H_N,stably_hard,False,True,T1,0.54,0.62,0.588,0.752,0.712,0.584,0.56,0.68,0.66,0.76,0.74,0.74
mistralai/Ministral-3-14B-Instruct-2512-BF16 | mistralai/Ministral-3-8B-Instruct-2512-BF16,H_N,stably_hard,False,True,T2,0.764,0.74,0.836,0.816,0.804,0.796,0.86,0.86,0.88,0.88,0.9,0.92
CohereLabs/tiny-aya-fire | CohereLabs/tiny-aya-water,H_N,stably_hard,False,True,T1,0.716,0.7,0.756,0.784,0.76,0.696,0.76,0.76,0.74,0.82,0.84,0.8
mistralai/Ministral-3-3B-Instruct-2512-BF16 | mistralai/Ministral-3-8B-Instruct-2512-BF16,H_N,stably_hard,False,True,T2,0.748,0.816,0.884,0.868,0.828,0.86,0.88,0.92,0.94,0.92,0.94,0.94
ibm-granite/granite-3.1-8b-instruct | ibm-granite/granite-3.2-8b-instruct,H_N,stably_hard,False,False,,0.576,0.624,0.772,0.708,0.76,0.736,0.66,0.72,0.9,0.8,0.86,0.82
mistralai/Ministral-3-14B-Instruct-2512-BF16 | mistralai/Ministral-3-3B-Instruct-2512-BF16,H_N,stably_hard,False,True,T2,0.748,0.892,0.928,0.908,0.892,0.912,0.84,0.98,0.98,0.98,0.96,0.96
CohereLabs/tiny-aya-earth | CohereLabs/tiny-aya-fire,H_N,stably_hard,False,True,T1,0.688,0.796,0.8,0.86,0.832,0.776,0.76,0.82,0.8,0.86,0.86,0.88
allenai/OLMo-2-0425-1B-Instruct | allenai/OLMo-2-1124-7B-Instruct,H_N,stably_hard,False,True,,0.804,0.868,0.88,0.912,0.912,0.888,0.82,0.92,0.92,0.96,0.94,0.96
mistralai/Mistral-Small-24B-Instruct-2501 | mistralai/Mistral-Small-3.1-24B-Instruct-2503,H_N,stably_hard,False,True,,0.732,0.784,0.812,0.764,0.768,0.816,0.76,0.9,0.88,0.9,0.88,0.9
CohereLabs/tiny-aya-fire | CohereLabs/tiny-aya-global,H_N,stably_hard,False,True,T1,0.744,0.808,0.84,0.82,0.8,0.816,0.8,0.88,0.84,0.88,0.86,0.86
allenai/OLMo-2-1124-13B-Instruct | allenai/OLMo-2-1124-7B-Instruct,H_N,stably_hard,False,True,,0.86,0.812,0.82,0.82,0.916,0.816,0.92,0.88,0.94,0.94,0.96,0.86
tiiuae/Falcon3-10B-Instruct | tiiuae/Falcon3-7B-Instruct,H_N,stably_hard,False,False,,0.792,0.788,0.828,0.84,0.828,0.748,0.9,0.92,0.98,0.92,0.98,0.9
microsoft/Phi-3-medium-128k-instruct | microsoft/Phi-3-medium-4k-instruct,H_N,stably_hard,False,False,,0.684,0.724,0.748,0.7,0.74,0.676,0.76,0.8,0.82,0.82,0.78,0.74
Qwen/Qwen3.5-4B | Qwen/Qwen3.5-9B,H_N,stably_hard,True,True,,0.82,0.792,0.82,0.848,0.812,0.768,0.9,0.9,0.9,0.9,0.9,0.9
Qwen/Qwen2.5-3B-Instruct | Qwen/Qwen2.5-7B-Instruct,H_N,stably_hard,False,False,T3,0.908,0.876,0.912,0.94,0.932,0.924,0.96,0.98,0.94,0.98,0.96,0.94
google/gemma-4-12B-it | google/gemma-4-E4B-it,H_N,stably_hard,False,True,,0.936,0.904,0.944,0.924,0.96,0.896,0.96,0.96,0.96,0.96,0.98,0.96
tiiuae/Falcon3-3B-Instruct | tiiuae/Falcon3-7B-Instruct,H_N,stably_hard,False,False,,0.86,0.904,0.872,0.928,0.916,0.904,0.94,0.94,0.9,0.94,0.98,0.92
Qwen/Qwen3-30B-A3B | Qwen/Qwen3-4B,H_N,uncertain,False,True,T3,0.88,0.876,0.896,0.908,0.952,0.872,0.86,0.92,0.96,0.92,1.0,0.92
allenai/Llama-3.1-Tulu-3-8B | allenai/Llama-3.1-Tulu-3.1-8B,H_N,stably_hard,False,True,,0.892,0.816,0.86,0.824,0.868,0.852,0.86,0.86,0.92,0.86,0.96,0.94
google/gemma-3-1b-it | google/gemma-3-4b-it,H_N,uncertain,False,True,,0.936,0.96,0.96,0.956,0.964,0.952,0.98,0.98,0.98,0.98,0.98,0.98
Qwen/Qwen2-1.5B-Instruct | Qwen/Qwen2.5-0.5B-Instruct,H_N,uncertain,False,False,T3,0.984,0.924,0.924,0.928,0.944,0.912,1.0,0.92,0.98,0.94,0.98,0.92
Qwen/Qwen3-30B-A3B-Instruct-2507 | Qwen/Qwen3-4B-Instruct-2507,H_N,uncertain,False,True,T3,0.944,0.912,0.944,0.928,0.944,0.936,0.96,0.94,0.96,0.98,0.96,0.98
ibm-granite/granite-3.2-8b-instruct | ibm-granite/granite-3.3-8b-instruct,H_N,uncertain,False,True,,0.816,0.816,0.844,0.836,0.812,0.78,0.92,0.84,0.92,0.92,0.92,0.84
tiiuae/Falcon3-10B-Instruct | tiiuae/Falcon3-3B-Instruct,H_N,uncertain,False,False,,0.84,0.916,0.92,0.94,0.952,0.892,0.86,0.94,0.92,0.94,0.96,0.92
allenai/OLMo-2-0425-1B-Instruct | allenai/OLMo-2-1124-13B-Instruct,H_N,uncertain,False,True,,0.896,0.968,0.908,0.964,0.964,0.928,0.9,0.98,0.98,0.98,1.0,1.0
HuggingFaceTB/SmolLM2-1.7B-Instruct | HuggingFaceTB/SmolLM2-1.7B-Instruct-16k,H_N,uncertain,False,True,,0.924,0.96,0.96,0.964,0.952,0.948,0.92,0.98,0.96,0.98,0.96,1.0
Qwen/Qwen3-30B-A3B | Qwen/Qwen3-30B-A3B-Instruct-2507,H_N,uncertain,False,True,T3,0.948,0.952,0.968,0.988,0.956,0.984,0.94,1.0,0.96,0.98,0.96,1.0
mistralai/Mistral-7B-Instruct-v0.2 | mistralai/Mistral-7B-Instruct-v0.3,H_N,uncertain,False,False,,0.804,0.912,0.908,0.92,0.912,0.876,0.86,0.96,0.96,0.98,0.98,0.96
Qwen/Qwen3-30B-A3B | Qwen/Qwen3-8B,H_N,uncertain,False,True,T3,0.928,0.88,0.952,0.984,0.98,0.92,0.92,0.98,0.98,0.98,0.98,0.94
ibm-granite/granite-3.1-8b-instruct | ibm-granite/granite-3.3-8b-instruct,H_N,uncertain,False,False,,0.776,0.852,0.868,0.796,0.832,0.824,0.88,0.88,0.88,0.9,0.88,0.88
Qwen/Qwen3-30B-A3B | Qwen/Qwen3-4B-Instruct-2507,H_N,uncertain,False,True,T3,0.896,0.948,0.944,0.936,0.976,0.928,0.92,0.98,0.96,0.98,0.98,0.94
Qwen/Qwen3-4B | Qwen/Qwen3-8B,H_N,uncertain,False,True,T3,0.916,0.936,0.98,0.936,0.948,0.908,0.98,1.0,1.0,1.0,1.0,0.98
Qwen/Qwen3-30B-A3B-Instruct-2507 | Qwen/Qwen3-8B,H_N,uncertain,False,True,T3,0.944,0.944,0.948,0.96,0.944,0.972,0.96,0.96,0.96,0.98,0.98,1.0
Qwen/Qwen3-4B | Qwen/Qwen3-4B-Instruct-2507,H_N,uncertain,False,True,T3,0.92,0.94,0.936,0.94,0.94,0.912,0.92,1.0,0.96,0.96,0.98,0.94
allenai/Olmo-3-7B-Instruct | allenai/Olmo-3.1-32B-Instruct,H_N,uncertain,False,True,,0.932,0.932,0.944,0.94,0.956,0.904,1.0,0.98,1.0,0.98,1.0,0.96
Qwen/Qwen2.5-7B-Instruct | Qwen/Qwen2.5-7B-Instruct-1M,H_N,uncertain,False,True,,0.904,0.916,0.9,0.92,0.908,0.864,0.94,0.96,0.94,0.96,0.96,0.84
allenai/Llama-3.1-Tulu-3-8B | allenai/OLMo-2-1124-13B-Instruct,H_X,stably_hard,False,True,,0.78,0.86,0.86,0.916,0.948,0.908,0.88,0.96,0.98,0.96,0.98,0.92
allenai/OLMo-2-1124-7B-Instruct | tiiuae/Falcon3-3B-Instruct,H_X,stably_hard,False,True,,0.852,0.892,0.896,0.96,0.96,0.94,0.94,0.92,0.96,0.98,1.0,0.96
allenai/Llama-3.1-Tulu-3-8B | allenai/OLMo-2-1124-7B-Instruct,H_X,stably_hard,False,True,,0.872,0.852,0.856,0.912,0.904,0.856,0.92,0.88,0.96,0.94,0.98,0.86
microsoft/Phi-3-medium-4k-instruct | microsoft/Phi-4-mini-instruct,H_X,stably_hard,False,False,,0.892,0.836,0.896,0.932,0.944,0.868,0.9,0.92,0.94,0.94,0.98,0.92
allenai/OLMo-2-0425-1B-Instruct | tiiuae/Falcon3-3B-Instruct,H_X,stably_hard,False,True,,0.812,0.932,0.892,0.916,0.888,0.92,0.9,0.98,0.96,0.98,0.98,0.96
allenai/Llama-3.1-Tulu-3-8B | allenai/OLMo-2-0425-1B-Instruct,H_X,stably_hard,False,True,,0.892,0.92,0.948,0.968,0.984,0.892,0.9,0.98,1.0,1.0,1.0,1.0
openchat/openchat-3.6-8b-20240522 | openchat/openchat_3.5,H_X,uncertain,False,False,,0.896,0.896,0.968,0.932,0.964,0.944,0.94,0.94,0.98,0.94,0.98,0.98
Deci/DeciLM-7B-instruct | nvidia/Llama3-ChatQA-1.5-8B,H_X,uncertain,False,False,,0.908,0.912,0.94,0.964,0.948,0.912,0.96,0.98,1.0,1.0,1.0,0.96
allenai/Llama-3.1-Tulu-3.1-8B | allenai/OLMo-2-1124-13B-Instruct,H_X,uncertain,False,True,,0.948,0.908,0.928,0.936,0.964,0.912,0.98,0.96,0.96,0.98,0.96,0.98
allenai/Llama-3.1-Tulu-3.1-8B | allenai/OLMo-2-1124-7B-Instruct,H_X,uncertain,False,True,,0.94,0.92,0.924,0.92,0.924,0.9,0.96,0.92,0.94,0.94,0.96,0.98
allenai/Olmo-3.1-32B-Instruct | tiiuae/Falcon-H1-3B-Instruct,H_X,uncertain,True,True,,0.932,0.988,1.0,0.996,0.992,0.98,0.98,1.0,1.0,1.0,1.0,0.98
allenai/OLMo-2-1124-13B-Instruct | tiiuae/Falcon3-3B-Instruct,H_X,uncertain,False,True,,0.932,0.948,0.956,0.992,1.0,0.96,0.98,0.98,0.96,1.0,1.0,0.98
allenai/OLMo-2-0425-1B-Instruct | internlm/internlm2_5-7b-chat,H_X,uncertain,False,False,,0.916,0.928,0.956,0.956,0.972,0.932,0.92,0.98,0.98,1.0,1.0,0.98
allenai/Llama-3.1-Tulu-3-8B | internlm/internlm2_5-7b-chat,H_X,uncertain,False,False,,0.84,0.924,0.964,0.976,0.972,0.944,0.92,0.98,1.0,0.98,1.0,0.94
allenai/Llama-3.1-Tulu-3-8B | tiiuae/Falcon3-3B-Instruct,H_X,uncertain,False,True,,0.908,0.936,0.944,0.992,0.992,0.924,0.86,0.98,0.98,1.0,1.0,1.0
microsoft/phi-4 | tiiuae/Falcon-H1-7B-Instruct,H_X,uncertain,True,True,,0.956,0.952,0.948,0.968,0.964,0.924,0.98,0.98,1.0,0.98,0.98,0.98
allenai/OLMo-2-1124-13B-Instruct | internlm/internlm2_5-7b-chat,H_X,uncertain,False,False,,0.912,0.94,0.948,0.952,0.976,0.976,0.98,0.98,1.0,1.0,1.0,1.0
allenai/OLMo-2-1124-13B-Instruct | tiiuae/Falcon-H1-7B-Instruct,H_X,uncertain,True,True,,0.928,0.968,0.96,0.98,0.972,0.972,0.96,0.98,0.98,0.96,0.98,0.98
allenai/OLMo-2-1124-7B-Instruct | tiiuae/Falcon-H1-3B-Instruct,H_X,uncertain,True,True,,0.932,0.968,0.968,0.96,0.972,0.976,0.96,0.96,1.0,0.98,1.0,1.0
